food_code,name,group,kcal,protein_g,fat_g,satfat_g,carbs_g,sugars_g,fibre_g,salt_g
13-145,"Ackee, canned, drained",DG,151,2.9,15.2,0.0,0.8,0.8,0.0,0.6
13-146,"Agar, dried",DG,16,1.3,1.2,0.3,0.0,0.0,81.1,0.275
13-147,"Agar, dried, soaked and drained",DG,2,0.2,0.1,0.0,0.0,0.0,15.0,0.025
13-148,"Alfalfa sprouts, raw",DG,24,4.0,0.7,0.0,0.4,0.3,1.7,0.015
13-801,"Allspice, ground",H,0,6.1,8.7,2.5,0.0,0.0,0.0,0.192
14-870,"Almonds, flaked and ground",GA,612,21.1,55.8,4.43,6.9,4.2,7.4,0.035
14-897,"Almonds, toasted",GA,579,21.0,52.5,4.09,5.9,5.1,10.9,0.008
14-898,"Almonds, weighed with shells",GA,205,7.8,18.5,1.41,1.9,1.6,4.6,0.0
14-896,"Almonds, whole kernels",GA,554,21.2,49.9,3.8,5.3,4.5,12.5,0.002
13-150,"Amaranth leaves, boiled in unsalted water",DG,16,3.0,0.3,0.1,0.3,0.2,0.0,0.028
13-149,"Amaranth leaves, raw",DG,18,3.5,0.3,0.1,0.3,0.2,0.0,0.032
14-001,Amla,FA,58,0.5,0.1,0.0,13.7,0.0,0.0,0.012
16-448,"Anchovies, canned in oil, drained",JC,191,25.2,10.0,1.6,0.0,0.0,0.0,14.675
13-802,Anise seeds,H,0,17.6,15.9,2.3,0.0,0.0,0.0,0.04
14-272,"Apple juice concentrate, unsweetened, commerical",PE,223,0.5,0.6,0.1,57.6,57.6,0.0,0.028
14-331,"Apple juice, clear, ambient and chilled",FC,37,0.1,0.0,0.0,9.7,9.7,0.0,0.008
17-851,"Apple sauce, homemade",WC,79,0.3,0.2,0.05,20.2,20.2,1.4,0.005
14-344,"Apples, cooking, baked with sugar, flesh only",FA,69,0.2,0.4,0.07,17.1,17.1,1.9,0.002
14-345,"Apples, cooking, baked with sugar, flesh only, weighed with skin",FA,57,0.2,0.3,0.06,14.3,14.3,1.6,0.002
14-342,"Apples, cooking, baked without sugar, flesh only",FA,47,0.2,0.4,0.07,11.4,11.4,2.0,0.002
14-343,"Apples, cooking, baked without sugar, flesh only, weighed with skin",FA,40,0.2,0.3,0.06,9.6,9.6,1.7,0.002
14-362,"Apples, cooking, raw, flesh only, peeled",F,37,0.3,0.3,0.06,8.9,8.9,1.7,0.005
14-363,"Apples, cooking, raw, flesh only, weighed with skin and core",F,27,0.2,0.2,0.04,6.5,6.4,1.2,0.002
14-332,"Apples, cooking, stewed with sugar, flesh only",FA,81,0.2,0.3,0.06,20.8,20.8,1.4,0.002
14-320,"Apples, cooking, stewed without sugar, flesh only",FA,40,0.2,0.3,0.06,9.7,9.7,1.7,0.002
14-016,"Apples, eating, dried",FA,238,2.0,0.5,0.1,60.1,60.1,9.7,0.04
14-319,"Apples, eating, raw, flesh and skin",FA,51,0.6,0.5,0.12,11.6,11.6,1.2,0.002
14-346,"Apples, eating, raw, flesh and skin, weighed with core",FA,43,0.5,0.4,0.1,10.0,10.0,1.0,0.002
14-031,"Apricots, dried",FA,188,4.8,0.7,0.0,43.4,43.4,7.7,0.14
14-032,"Apricots, dried, stewed with sugar",FA,92,1.9,0.3,0.0,22.0,22.0,3.0,0.052
14-033,"Apricots, dried, stewed without sugar",FA,77,2.0,0.3,0.0,17.8,17.8,3.2,0.055
14-025,"Apricots, raw, flesh and skin",FA,31,0.9,0.1,0.0,7.2,7.2,1.7,0.005
14-026,"Apricots, raw, flesh and skin, weighed with stones",FA,29,0.8,0.1,0.0,6.6,6.6,1.6,0.005
14-392,"Apricots, ready-to-eat, semi-dried",FA,161,2.2,0.5,0.13,39.4,39.4,5.3,0.022
14-027,"Apricots, stewed with sugar",FA,72,0.7,0.1,0.0,18.3,18.3,1.6,0.002
14-028,"Apricots, stewed with sugar, weighed with stones",FA,67,0.6,0.1,0.0,17.1,17.1,1.5,0.002
14-029,"Apricots, stewed without sugar",FA,27,0.7,0.1,0.0,6.2,6.2,1.5,0.002
14-030,"Apricots, stewed without sugar, weighed with stones",FA,25,0.7,0.1,0.0,5.8,5.8,1.4,0.002
13-152,"Arrowhead, boiled in unsalted water",DG,91,4.2,0.3,0.0,17.8,0.0,0.0,0.045
13-151,"Arrowhead, raw",DG,107,5.0,0.3,0.0,21.5,0.0,0.0,0.055
11-001,Arrowroot,AA,355,0.4,0.1,0.0,94.0,0.0,0.1,0.012
13-155,"Artichoke, globe, base of leaves and heart, boiled in unsalted water",DG,18,2.9,0.2,0.1,2.7,1.3,0.0,0.038
13-154,"Artichoke, globe, boiled, weighed as served",DG,8,1.2,0.1,0.0,1.2,0.6,0.0,0.015
13-153,"Artichoke, globe, raw",DG,18,2.8,0.2,0.1,2.7,1.3,0.0,0.068
13-156,"Artichoke, Jerusalem, boiled in unsalted water, flesh only",DG,41,1.6,0.1,0.0,10.6,1.6,3.5,0.008
13-803,Asafoetida,H,0,4.0,1.1,0.0,0.0,0.0,0.0,0.0
13-639,"Asparagus, grilled",DG,25,3.5,0.4,0.06,2.0,2.0,1.6,0.008
13-157,"Asparagus, raw",DG,25,2.9,0.6,0.1,2.0,1.9,1.7,0.002
13-640,"Asparagus, roasted in rapeseed oil",DG,35,3.5,1.5,0.12,2.0,2.0,1.6,0.01
13-638,"Asparagus, steamed",DG,21,2.9,0.4,0.05,1.6,1.6,1.3,0.008
13-651,"Aubergine, flesh and skin, boiled in unsalted water",DG,14,0.7,0.5,0.13,1.8,1.6,1.8,0.002
13-669,"Aubergine, flesh and skin, roasted in rapeseed oil",DG,62,2.1,3.8,0.35,5.2,4.6,5.1,0.005
13-669,"Aubergine, flesh and skin, roasted in rapeseed oil",DG,62,2.1,3.8,0.35,5.2,4.6,5.1,0.092
13-412,"Aubergine, fried in butter",DG,302,1.2,31.9,21.1,2.8,2.6,2.3,0.005
13-162,"Aubergine, fried in corn oil",DG,302,1.2,31.9,4.1,2.8,2.6,2.3,0.005
13-577,"Aubergine, fried in rapeseed oil",DG,302,1.2,31.9,2.18,2.8,2.6,2.3,0.005
13-161,"Aubergine, raw",DG,15,0.9,0.4,0.1,2.2,2.0,2.0,0.005
15-001,"Aubergine, stuffed with lentils and vegetables",DR,64,2.0,4.6,0.5,3.9,1.7,1.9,0.198
15-662,"Aubergine, stuffed with rice",DR,86,1.9,2.1,0.22,15.9,6.0,2.1,0.018
15-663,"Aubergine, stuffed with vegetables, cheese topping",DR,119,5.0,9.7,3.48,3.6,3.2,2.2,0.272
14-039,"Avocado, Fuerte, flesh only",FA,189,2.1,19.3,3.5,1.9,0.5,3.4,0.022
14-040,"Avocado, Fuerte, flesh only, weighed with skin and stone",FA,134,1.5,13.7,2.5,1.3,0.4,2.4,0.015
14-386,"Avocado, Hass, flesh only",FA,171,1.8,17.4,4.15,1.8,0.4,3.1,0.018
14-387,"Avocado, Hass, flesh only, weighed with skin and stone",FA,118,1.3,12.0,2.86,1.3,0.3,2.1,0.012
16-001,"Ayr, raw",JA,75,15.9,1.3,0.0,0.0,0.0,0.0,0.0
14-043,"Babaco, flesh only",FA,17,1.1,0.1,0.0,3.1,3.1,0.0,0.005
16-169,"Bacha, raw",JC,123,18.1,5.6,0.0,0.0,0.0,0.0,0.0
19-644,"Bacon loin steaks, lean, grilled",MAA,158,28.9,4.3,1.55,1.1,1.1,0.0,2.475
19-645,"Bacon rashers, back, dry-cured, grilled",MAA,257,28.4,15.9,6.0,0.0,0.0,0.0,4.325
19-498,"Bacon rashers, back, dry-fried",MAA,295,24.2,22.0,8.3,0.0,0.0,0.0,3.525
19-499,"Bacon rashers, back, fat trimmed, grilled",MAA,214,25.7,12.3,4.6,0.0,0.0,0.0,3.575
19-646,"Bacon rashers, back, fat trimmed, raw",MAA,136,18.8,6.7,2.5,0.0,0.0,0.0,2.5
19-500,"Bacon rashers, back, grilled",MAA,287,23.2,21.6,8.1,0.0,0.0,0.0,3.475
19-501,"Bacon rashers, back, grilled crispy",MAA,313,36.0,18.8,7.1,0.0,0.0,0.0,5.0
19-502,"Bacon rashers, back, microwaved",MAA,307,24.2,23.3,8.8,0.0,0.0,0.0,4.325
19-497,"Bacon rashers, back, raw",MAA,215,16.5,16.5,6.2,0.0,0.0,0.0,2.85
19-009,"Bacon rashers, back, reduced salt, grilled",MAA,282,24.1,20.6,7.8,0.0,0.0,0.0,2.825
19-659,"Bacon rashers, back, smoked, grilled",MAA,293,23.4,22.1,8.3,0.0,0.0,0.0,3.475
19-647,"Bacon rashers, back, sweetcure, grilled",MAA,258,23.8,17.4,6.6,1.6,1.6,0.0,3.475
19-660,"Bacon rashers, back, 'tendersweet', grilled",MAA,213,26.4,11.9,4.5,0.0,0.0,0.0,3.475
19-648,"Bacon rashers, middle, fried in corn oil",MAA,350,23.4,28.5,9.8,0.0,0.0,0.0,3.475
19-503,"Bacon rashers, middle, grilled",MAA,307,24.8,23.1,8.4,0.0,0.0,0.0,3.475
19-649,"Bacon rashers, middle, raw",MAA,241,15.2,20.0,7.3,0.0,0.0,0.0,2.625
19-504,"Bacon rashers, streaky, fried in corn oil",MAA,335,23.8,26.6,9.1,0.0,0.0,0.0,4.2
19-018,"Bacon rashers, streaky, grilled",MAA,337,23.8,26.9,9.8,0.0,0.0,0.0,4.2
19-016,"Bacon rashers, streaky, raw",MAA,276,15.8,23.6,8.2,0.0,0.0,0.0,3.15
19-537,"Bacon, fat only, average, cooked",MAA,692,9.3,72.8,28.5,0.0,0.0,0.0,1.85
19-650,"Bacon, fat only, average, raw",MAA,747,4.8,80.9,31.5,0.0,0.0,0.0,1.05
11-970,"Bagels, plain",AP,273,10.0,1.8,0.0,57.8,4.8,3.0,1.0
13-578,"Baked beans, canned in barbecue sauce",DB,77,5.3,0.4,0.0,14.0,4.8,4.9,0.65
13-532,"Baked beans, canned in tomato sauce",DB,81,5.0,0.5,0.09,15.0,4.8,4.9,0.652
13-535,"Baked beans, canned in tomato sauce, reduced sugar, reduced salt",DB,75,5.0,0.5,0.09,13.5,3.3,4.9,0.475
13-579,"Baked beans, canned in tomato sauce, with pork sausages",DB,98,6.0,4.5,0.0,11.0,4.0,3.3,0.65
12-500,"Baking fat and margarine (75-90% fat), hard block",BTM,688,0.0,76.4,26.41,0.0,0.0,0.0,1.5
17-355,Baking powder,WY,163,5.2,0.0,0.0,37.8,0.0,0.0,29.5
11-1029,"Banana bread, homemade",AN,331,4.4,12.4,3.27,53.9,36.3,1.4,0.428
12-556,"Banana split, homemade",BP,205,2.3,11.8,6.91,23.9,18.4,0.6,0.095
14-318,"Bananas, flesh only",FA,81,1.2,0.1,0.04,20.3,18.1,1.4,0.0
14-347,"Bananas, raw, flesh only, weighed with skin",FA,51,0.8,0.0,0.03,12.8,11.4,0.9,0.0
11-1030,"Bannocks, made with beremeal, homemade",AF,266,9.3,1.7,0.23,56.8,3.1,1.0,0.278
11-951,"Bannocks, made with wheat flour, homemade",AF,292,8.5,1.3,0.46,65.5,2.4,3.1,0.38
17-705,Barbecue sauce,WCN,140,1.0,0.1,0.0,36.1,29.9,1.2,1.575
17-769,"Barbecue sauce, homemade",WC,300,2.7,21.0,12.45,26.1,21.5,1.7,0.98
14-804,"Barcelona nuts, Kernel only",GA,639,10.9,64.0,0.0,5.2,3.4,0.0,0.008
14-805,"Barcelona nuts, kernel only, weighed with shells",GA,397,6.8,39.7,0.0,3.2,2.1,0.0,0.005
17-844,"Barley water, diluted",PCC,18,0.1,0.0,0.0,4.7,4.3,0.0,0.008
17-743,"Barley water, undiluted",PCC,90,0.3,0.0,0.0,23.7,21.5,0.0,0.038
11-003,"Barley, pearl, boiled",AA,120,2.7,0.6,0.0,27.6,0.0,0.0,0.002
11-002,"Barley, pearl, raw",AA,360,7.9,1.7,0.0,83.6,0.0,0.0,0.008
13-805,"Basil, dried, ground",H,251,14.4,4.0,0.0,43.2,0.0,0.0,0.085
13-804,"Basil, fresh",H,40,3.1,0.8,0.0,5.1,0.0,0.0,0.022
16-386,"Bass, sea, flesh only, baked",JA,154,23.2,6.8,1.47,0.0,0.0,0.0,0.2
16-463,"Bass, sea, flesh only, baked, weighed with bones and skin",JA,137,20.6,6.1,1.31,0.0,0.0,0.0,0.178
16-385,"Bass, sea, flesh only, raw",JA,168,20.0,9.8,2.16,0.0,0.0,0.0,0.18
16-464,"Bass, sea, flesh only, raw, weighed with bones and skin",JA,144,17.2,8.4,1.86,0.0,0.0,0.0,0.155
13-806,"Bay leaf, dried",H,313,7.6,8.4,2.3,48.6,0.0,0.0,0.058
15-664,"Bean loaf, mixed beans, homemade",DR,148,6.6,7.2,0.59,15.1,3.6,4.3,0.012
15-665,"Beanburger, aduki, fried in rapeseed oil, homemade",DR,190,8.1,7.3,0.0,24.1,2.3,4.4,0.52
15-666,"Beanburger, butter bean, fried in rapeseed oil, homemade",DR,194,5.7,10.6,0.85,20.2,3.0,4.0,0.178
15-667,"Beanburger, red kidney bean, fried in rapeseed oil",DR,202,6.2,10.7,0.85,21.7,2.6,4.8,0.178
15-668,"Beanburger, soya, fried in rapeseed oil",DR,193,10.5,10.7,1.18,14.5,3.7,4.6,0.502
13-042,"Beans, aduki, whole, dried, boiled in unsalted water",DB,123,9.3,0.2,0.0,22.5,0.5,5.5,0.005
13-041,"Beans, aduki, whole, dried, raw",DB,272,19.9,0.5,0.0,50.1,1.0,11.1,0.012
13-049,"Beans, balor, ends trimmed, raw",DB,23,2.7,0.1,0.0,3.0,2.4,3.5,0.002
13-063,"Beans, blackeye, whole, dried, boiled in unsalted water",DB,116,8.8,0.7,0.2,19.9,1.1,3.5,0.012
13-062,"Beans, blackeye, whole, dried, raw",DB,311,23.5,1.6,0.5,54.1,2.9,8.2,0.04
13-067,"Beans, broad, dried, raw",DB,245,26.1,2.1,0.3,32.5,5.9,27.6,0.028
13-648,"Beans, broad, whole, boiled in unsalted water",DB,91,9.0,1.0,0.13,12.3,1.1,9.0,0.005
13-064,"Beans, broad, whole, raw",DB,59,5.7,1.0,0.1,7.2,1.3,6.1,0.002
13-559,"Beans, butter, canned, re-heated, drained",DB,77,5.9,0.5,0.1,13.0,1.1,4.6,0.0
13-663,"Beans, butter, dried, boiled in unsalted water",DB,105,8.1,1.1,0.18,16.8,1.4,11.2,0.0
13-070,"Beans, butter, dried, raw",DB,290,19.1,1.7,0.4,52.9,3.6,16.0,0.1
13-666,"Beans, cannellini, canned, re-heated, drained",DB,104,7.6,1.6,0.27,15.9,0.7,6.8,0.018
13-670,"Beans, chick peas, canned, re-heated, drained",DB,129,8.4,3.0,0.29,18.3,0.7,7.1,0.002
13-077,"Beans, chick peas, Kabuli, split, dried, boiled in unsalted water",DB,114,7.7,2.0,0.2,17.4,1.0,0.0,0.012
13-076,"Beans, chick peas, Kabuli, split, dried, raw",DB,325,22.7,5.4,0.5,49.6,2.6,0.0,0.098
13-662,"Beans, chick peas, Kabuli, whole, dried, boiled in unsalted water",DB,129,8.4,3.0,0.29,18.3,0.7,10.6,0.002
13-074,"Beans, chick peas, Kabuli, whole, dried, raw",DB,320,21.3,5.4,0.5,49.6,2.6,10.7,0.098
13-080,"Beans, cluster, raw",DB,23,2.6,0.1,0.0,3.0,2.9,0.0,0.002
13-667,"Beans, edamame, frozen, boiled in unsalted water",DB,142,12.2,7.6,0.85,6.5,2.6,5.9,0.012
13-515,"Beans, green, boiled in unsalted water",DB,26,2.1,0.3,0.06,4.0,3.0,4.1,0.0
13-514,"Beans, green, raw",DB,24,2.1,0.4,0.08,3.1,2.2,3.4,0.0
13-665,"Beans, haricot, canned, re-heated, drained",DB,96,7.1,1.0,0.2,15.6,0.6,6.8,0.015
13-087,"Beans, haricot, whole, dried, boiled in unsalted water",DB,95,6.6,0.5,0.1,17.2,0.8,6.1,0.038
13-086,"Beans, haricot, whole, dried, raw",DB,286,21.4,1.6,0.3,49.7,2.8,17.0,0.108
13-099,"Beans, mung, dahl, dried, boiled in unsalted water",DB,92,7.8,0.4,0.1,15.3,0.5,0.0,0.005
13-098,"Beans, mung, dahl, dried, raw",DB,291,26.8,1.1,0.3,46.3,1.5,0.0,0.03
13-664,"Beans, mung, whole, dried, boiled in unsalted water",DB,100,8.6,0.7,0.18,15.8,0.4,6.1,0.0
13-096,"Beans, mung, whole, dried, raw",DB,279,23.9,1.1,0.3,46.3,1.5,10.0,0.03
13-100,"Beans, papri, raw",DB,40,5.4,0.3,0.0,4.2,1.8,0.0,0.002
13-105,"Beans, pigeon peas, dahl, dried, boiled in unsalted water",DB,118,8.7,0.5,0.1,21.2,0.6,0.0,0.035
13-104,"Beans, pigeon peas, dahl, dried, raw",DB,324,21.8,1.9,0.4,58.6,1.7,0.0,0.095
13-103,"Beans, pigeon peas, whole, dried, boiled in unsalted water",DB,117,8.5,0.5,0.1,21.2,0.6,0.0,0.035
13-102,"Beans, pigeon peas, whole, dried, raw",DB,317,20.0,1.9,0.4,58.6,1.7,0.0,0.095
13-107,"Beans, pinto, dried, boiled in unsalted water",DB,137,8.9,0.7,0.1,23.9,0.0,0.0,0.002
13-106,"Beans, pinto, dried, raw",DB,327,21.1,1.6,0.2,57.1,0.0,0.0,0.025
13-108,"Beans, pinto, re-fried beans",DB,107,6.2,1.1,0.0,15.3,0.0,0.0,1.05
13-660,"Beans, red kidney, canned in water, re-heated, drained",DB,100,8.6,1.0,0.2,15.1,0.8,6.8,0.0
13-659,"Beans, red kidney, dried, boiled in unsalted water",DB,100,8.6,1.0,0.2,15.1,0.8,11.1,0.0
13-109,"Beans, red kidney, dried, raw",DB,266,22.1,1.4,0.2,44.1,2.5,15.7,0.045
13-654,"Beans, runner, boiled in unsalted water",DB,16,1.1,0.5,0.1,1.9,1.6,2.2,0.0
13-112,"Beans, runner, raw",DB,22,1.6,0.4,0.1,3.2,2.8,2.0,0.0
13-116,"Beans, soya, dried, boiled in unsalted water",DB,141,14.0,7.3,0.9,5.1,2.1,6.1,0.002
13-115,"Beans, soya, dried, raw",DB,370,35.9,18.6,2.3,15.8,5.5,15.7,0.012
13-117,"Beans, sword, raw",DB,41,2.5,0.3,0.0,7.2,0.0,0.0,0.072
13-580,"Beansprouts, mung, boiled in unsalted water",DB,25,2.5,0.5,0.1,2.8,1.4,1.3,0.01
13-426,"Beansprouts, mung, raw",DB,31,2.9,0.5,0.1,4.0,2.2,1.5,0.012
13-567,"Beansprouts, mung, stir-fried in rapeseed oil",DB,72,1.9,6.1,0.47,2.5,1.4,0.9,0.008
19-471,"Beef bourguignon, homemade",MR,140,13.8,6.2,2.09,2.5,0.9,0.4,0.595
19-548,"Beef bourguignonne, made with lean beef, homemade",MR,105,14.1,4.2,1.25,2.5,0.8,0.5,0.582
17-514,Beef extract,WY,179,40.4,0.6,0.0,3.2,0.4,0.0,10.925
19-588,"Beef olives, homemade",MR,159,13.9,11.0,4.07,1.6,0.3,0.2,1.092
19-589,"Beef steak pudding, homemade",MR,207,11.5,10.2,5.41,18.7,0.8,1.1,0.205
19-551,"Beef Stroganoff, homemade",MR,171,15.3,11.2,6.22,2.5,2.1,0.6,0.135
19-552,"Beef Wellington, homemade",MR,356,16.3,25.5,10.19,16.2,0.7,1.4,0.742
18-009,"Beef, braising steak, braised, lean and fat",MAC,246,32.9,12.7,5.3,0.0,0.0,0.0,0.15
18-008,"Beef, braising steak, braised, lean only",MAC,225,34.4,9.7,4.1,0.0,0.0,0.0,0.155
18-006,"Beef, braising steak, raw, lean",MAC,139,21.8,5.7,2.4,0.0,0.0,0.0,0.16
18-007,"Beef, braising steak, raw, lean and fat",MAC,160,20.7,8.6,3.8,0.0,0.0,0.0,0.15
18-010,"Beef, braising steak, slow cooked, lean",MAC,197,31.4,7.9,3.4,0.0,0.0,0.0,0.132
18-011,"Beef, braising steak, slow cooked, lean and fat",MAC,217,29.0,11.2,4.8,0.0,0.0,0.0,0.125
18-014,"Beef, brisket, boiled, lean",MAC,225,31.4,11.0,4.6,0.0,0.0,0.0,0.125
18-015,"Beef, brisket, boiled, lean and fat",MAC,268,27.8,17.4,7.2,0.0,0.0,0.0,0.115
18-012,"Beef, brisket, raw, lean",MAC,139,21.1,6.1,2.5,0.0,0.0,0.0,0.148
18-013,"Beef, brisket, raw, lean and fat",MAC,218,18.4,16.0,6.7,0.0,0.0,0.0,0.125
18-005,"Beef, fat, average, cooked",MAC,533,15.5,52.3,24.3,0.0,0.0,0.0,0.088
18-003,"Beef, fat, average, raw",MAC,558,18.9,53.6,24.9,0.0,0.0,0.0,0.065
18-004,"Beef, fat, average, raw, extra trimmed",MAC,677,6.8,72.2,33.4,0.0,0.0,0.0,0.0
18-018,"Beef, fillet steak, fried in corn oil, lean",MAC,184,28.2,7.9,3.4,0.0,0.0,0.0,0.17
18-019,"Beef, fillet steak, fried in corn oil, lean and fat",MAC,192,28.0,8.9,3.9,0.0,0.0,0.0,0.168
18-022,"Beef, fillet steak, from steakhouse, lean",MAC,178,28.7,7.0,3.2,0.0,0.0,0.0,0.152
18-023,"Beef, fillet steak, from steakhouse, lean and fat",MAC,184,28.5,7.8,3.6,0.0,0.0,0.0,0.152
18-020,"Beef, fillet steak, grilled, lean",MAC,188,29.1,8.0,3.6,0.0,0.0,0.0,0.175
18-021,"Beef, fillet steak, grilled, lean and fat",MAC,200,28.7,9.5,4.4,0.0,0.0,0.0,0.168
18-016,"Beef, fillet steak, raw, lean",MAC,140,21.2,6.1,2.8,0.0,0.0,0.0,0.11
18-017,"Beef, fillet steak, raw, lean and fat",MAC,155,20.9,7.9,3.8,0.0,0.0,0.0,0.108
18-026,"Beef, flank, pot-roasted, lean",MAC,253,31.8,14.0,5.7,0.0,0.0,0.0,0.128
18-027,"Beef, flank, pot-roasted, lean and fat",MAC,309,27.1,22.3,9.1,0.0,0.0,0.0,0.112
18-024,"Beef, flank, raw, lean",MAC,175,22.7,9.3,3.8,0.0,0.0,0.0,0.16
18-025,"Beef, flank, raw, lean and fat",MAC,266,19.7,20.8,8.7,0.0,0.0,0.0,0.135
18-030,"Beef, fore-rib/rib-roast, microwaved, lean",MAC,243,35.0,11.4,5.0,0.0,0.0,0.0,0.15
18-031,"Beef, fore-rib/rib-roast, microwaved, lean and fat",MAC,306,30.4,20.5,9.2,0.0,0.0,0.0,0.135
18-032,"Beef, fore-rib/rib-roast, microwaved, lean and fat, weighed with bone",MAC,254,25.2,17.0,7.7,0.0,0.0,0.0,0.112
18-028,"Beef, fore-rib/rib-roast, raw, lean",MAC,145,21.5,6.5,2.9,0.0,0.0,0.0,0.152
18-029,"Beef, fore-rib/rib-roast, raw, lean and fat",MAC,253,18.8,19.8,8.9,0.0,0.0,0.0,0.13
18-033,"Beef, fore-rib/rib-roast, roasted, lean",MAC,236,33.3,11.4,5.1,0.0,0.0,0.0,0.142
18-034,"Beef, fore-rib/rib-roast, roasted, lean and fat",MAC,300,29.1,20.4,9.2,0.0,0.0,0.0,0.135
18-035,"Beef, fore-rib/rib-roast, roasted, lean and fat, weighed with bone",MAC,252,24.4,17.1,7.7,0.0,0.0,0.0,0.108
18-468,"Beef, lean, average, raw",MAC,129,22.5,4.3,1.74,0.0,0.0,0.0,0.158
18-002,"Beef, lean, average, raw, extra trimmed",MAC,132,21.6,5.1,2.0,0.0,0.0,0.0,0.0
18-042,"Beef, mince patties, barbecued",MAC,264,29.6,16.2,7.1,0.0,0.0,0.0,0.245
18-507,"Beef, mince, extra lean, stewed",MAC,137,24.7,4.2,1.83,0.0,0.0,0.0,0.188
18-039,"Beef, mince, frozen, stewed",MAC,204,19.3,14.1,6.2,0.0,0.0,0.0,0.155
18-037,"Beef, mince, microwaved",MAC,263,26.4,17.5,7.6,0.0,0.0,0.0,0.228
18-469,"Beef, mince, raw",MAC,225,19.7,16.2,6.94,0.0,0.0,0.0,0.2
18-508,"Beef, mince, raw, extra lean",MAC,130,21.9,4.2,2.08,0.0,0.0,0.0,0.225
19-607,"Beef, mince, stewed",MR,139,10.9,9.9,3.79,2.5,0.6,0.3,0.708
18-470,"Beef, mince, stewed",MAC,209,21.8,13.5,5.72,0.0,0.0,0.0,0.182
19-606,"Beef, mince, with vegetables, stewed",MR,122,9.2,7.2,3.04,5.7,2.3,1.2,0.635
19-664,"Beef, minced, stewed with onions, extra lean",MR,113,12.1,3.6,1.24,2.5,0.6,0.3,0.72
18-045,"Beef, rump steak, barbecued, lean",MAC,176,31.2,5.7,2.4,0.0,0.0,0.0,0.195
18-046,"Beef, rump steak, barbecued, lean and fat",MAC,203,29.5,9.4,4.0,0.0,0.0,0.0,0.185
18-472,"Beef, rump steak, fried in corn oil, lean and fat",MAC,228,28.4,12.7,4.9,0.0,0.0,0.0,0.178
18-473,"Beef, rump steak, fried in corn oil, lean only",MAC,183,30.9,6.6,2.41,0.0,0.0,0.0,0.195
18-051,"Beef, rump steak, from steakhouse, lean and fat",MAC,213,27.5,11.4,4.9,0.0,0.0,0.0,0.165
18-050,"Beef, rump steak, from steakhouse, lean only",MAC,162,29.8,4.7,2.0,0.0,0.0,0.0,0.18
18-474,"Beef, rump steak, grilled, lean only",MAC,177,31.0,5.9,2.5,0.0,0.0,0.0,0.185
18-043,"Beef, rump steak, raw, lean",MAC,125,22.0,4.1,1.7,0.0,0.0,0.0,0.15
18-471,"Beef, rump steak, raw, lean and fat",MAC,174,20.7,10.1,4.3,0.0,0.0,0.0,0.14
18-052,"Beef, rump steak, strips, stir-fried in corn oil, lean",MAC,208,32.3,8.8,3.3,0.0,0.0,0.0,0.195
18-053,"Beef, rump steak, strips, stir-fried in corn oil, lean and fat",MAC,248,29.7,14.4,5.6,0.0,0.0,0.0,0.178
18-056,"Beef, silverside, pot-roasted, lean",MAC,193,34.0,6.3,2.5,0.0,0.0,0.0,0.145
18-057,"Beef, silverside, pot-roasted, lean and fat",MAC,247,31.0,13.7,5.6,0.0,0.0,0.0,0.135
18-054,"Beef, silverside, raw, lean",MAC,134,23.8,4.3,1.6,0.0,0.0,0.0,0.155
18-055,"Beef, silverside, raw, lean and fat",MAC,215,20.4,14.8,5.9,0.0,0.0,0.0,0.132
18-060,"Beef, silverside, salted, boiled, lean",MAC,184,30.4,6.9,2.5,0.0,0.0,0.0,2.55
18-061,"Beef, silverside, salted, boiled, lean and fat",MAC,224,27.9,12.5,4.7,0.0,0.0,0.0,2.35
18-058,"Beef, silverside, salted, raw, lean",MAC,140,19.2,7.0,2.5,0.0,0.0,0.0,1.6
18-059,"Beef, silverside, salted, raw, lean and fat",MAC,227,16.3,18.0,6.8,0.0,0.0,0.0,1.375
18-062,"Beef, sirloin joint, roasted, lean",MAC,188,32.4,6.5,2.9,0.0,0.0,0.0,0.138
18-063,"Beef, sirloin joint, roasted, lean and fat",MAC,233,29.8,12.6,5.6,0.0,0.0,0.0,0.132
18-066,"Beef, sirloin steak, fried in corn oil, lean",MAC,189,28.8,8.2,3.4,0.0,0.0,0.0,0.172
18-067,"Beef, sirloin steak, fried in corn oil, lean and fat",MAC,233,26.8,14.0,6.0,0.0,0.0,0.0,0.16
18-074,"Beef, sirloin steak, from steakhouse, lean",MAC,172,31.5,5.1,2.2,0.0,0.0,0.0,0.19
18-075,"Beef, sirloin steak, from steakhouse, lean and fat",MAC,215,29.6,10.7,4.6,0.0,0.0,0.0,0.178
18-070,"Beef, sirloin steak, grilled medium-rare, lean",MAC,176,26.6,7.7,3.4,0.0,0.0,0.0,0.162
18-071,"Beef, sirloin steak, grilled medium-rare, lean and fat",MAC,213,24.8,12.6,5.6,0.0,0.0,0.0,0.15
18-068,"Beef, sirloin steak, grilled rare, lean",MAC,166,26.4,6.7,3.0,0.0,0.0,0.0,0.158
18-069,"Beef, sirloin steak, grilled rare, lean and fat",MAC,216,25.1,12.8,5.8,0.0,0.0,0.0,0.15
18-072,"Beef, sirloin steak, grilled well-done, lean",MAC,225,33.9,9.9,4.4,0.0,0.0,0.0,0.202
18-073,"Beef, sirloin steak, grilled well-done, lean and fat",MAC,257,31.8,14.4,6.5,0.0,0.0,0.0,0.19
18-064,"Beef, sirloin steak, raw, lean",MAC,135,23.5,4.5,2.0,0.0,0.0,0.0,0.175
18-065,"Beef, sirloin steak, raw, lean and fat",MAC,201,21.6,12.7,5.6,0.0,0.0,0.0,0.155
18-082,"Beef, stewing steak, frozen, stewed, lean",MAC,195,29.7,8.5,3.1,0.0,0.0,0.0,0.118
18-083,"Beef, stewing steak, frozen, stewed, lean and fat",MAC,212,26.9,11.6,4.3,0.0,0.0,0.0,0.11
18-078,"Beef, stewing steak, pressure cooked, lean",MAC,199,35.1,6.5,2.4,0.0,0.0,0.0,0.15
18-079,"Beef, stewing steak, pressure cooked, lean and fat",MAC,217,34.0,9.0,3.4,0.0,0.0,0.0,0.15
18-076,"Beef, stewing steak, raw, lean",MAC,122,22.6,3.5,1.4,0.0,0.0,0.0,0.172
18-077,"Beef, stewing steak, raw, lean and fat",MAC,146,22.1,6.4,2.6,0.0,0.0,0.0,0.165
18-080,"Beef, stewing steak, stewed, lean",MAC,185,32.0,6.3,2.3,0.0,0.0,0.0,0.135
18-081,"Beef, stewing steak, stewed, lean and fat",MAC,203,29.2,9.6,3.7,0.0,0.0,0.0,0.128
19-530,"Beef, stir-fried with green peppers, homemade",MR,145,11.8,8.0,2.67,6.1,3.8,0.8,0.53
18-086,"Beef, topside, microwaved, lean",MAC,181,35.0,4.6,1.9,0.0,0.0,0.0,0.15
18-087,"Beef, topside, microwaved, lean and fat",MAC,228,32.1,11.1,4.7,0.0,0.0,0.0,0.138
18-084,"Beef, topside, raw, lean",MAC,116,23.0,2.7,1.1,0.0,0.0,0.0,0.192
18-085,"Beef, topside, raw, lean and fat",MAC,198,20.4,12.9,5.4,0.0,0.0,0.0,0.168
18-088,"Beef, topside, roasted medium-rare, lean",MAC,175,32.2,5.1,2.1,0.0,0.0,0.0,0.165
18-089,"Beef, topside, roasted medium-rare, lean and fat",MAC,222,29.9,11.4,4.8,0.0,0.0,0.0,0.155
18-090,"Beef, topside, roasted well-done, lean",MAC,202,36.2,6.3,2.6,0.0,0.0,0.0,0.155
18-091,"Beef, topside, roasted well-done, lean and fat",MAC,244,32.8,12.5,5.2,0.0,0.0,0.0,0.142
17-506,"Beer, bitter, average (<4% ABV)",QA,30,0.3,0.0,0.0,2.2,2.2,0.0,0.015
17-208,"Beer, bitter, best, premium",QA,33,0.3,0.0,0.0,2.2,2.2,0.0,0.02
17-748,"Beer, bitter, strong (>5% ABV)",QA,42,0.3,0.0,0.0,2.2,2.2,0.0,0.02
13-633,"Beetroot, cooked in unsalted water",DG,53,1.6,0.3,0.05,11.6,10.9,2.6,0.13
13-166,"Beetroot, pickled, drained",DG,28,1.2,0.2,0.0,5.6,5.6,1.7,0.3
13-164,"Beetroot, raw",DG,36,1.7,0.1,0.0,7.6,7.0,1.9,0.165
16-003,"Bele, raw",JA,67,15.3,0.7,0.0,0.0,0.0,0.0,0.0
13-807,"Betel leaves, fresh",H,61,6.4,0.1,0.0,8.6,0.0,0.0,0.018
14-806,Betel nuts,GA,339,5.2,10.2,0.0,56.7,0.0,0.0,0.19
15-669,"Bhaji, aubergine and potato, homemade",DR,135,1.8,8.8,0.61,13.4,3.2,1.4,0.015
15-670,"Bhaji, aubergine, pea, potato and cauliflower, homemade",DR,72,2.9,2.5,0.24,10.7,4.3,2.5,0.025
15-672,"Bhaji, cabbage and pea, with butter ghee, homemade",DR,177,3.4,14.2,8.31,9.7,7.1,4.8,0.628
15-673,"Bhaji, cabbage and pea, with rapeseed oil, homemade",DR,180,3.4,14.5,1.01,9.7,7.1,4.8,0.028
15-674,"Bhaji, cabbage and potato, with butter, homemade",DR,98,2.7,5.6,3.48,9.7,4.9,4.1,0.138
15-397,"Bhaji, cabbage and potato, with rapeseed oil, homemade",DR,106,2.2,7.0,0.86,9.1,4.7,2.6,0.018
15-675,"Bhaji, cabbage and potato, with vegetable oil",DR,108,2.7,6.8,0.48,9.6,4.9,4.1,0.018
15-016,"Bhaji, cabbage and spinach",DR,198,3.6,17.1,1.8,7.8,3.8,3.0,1.2
15-671,"Bhaji, cabbage, homemade",DR,77,2.8,4.5,0.32,6.8,5.9,4.4,0.02
15-676,"Bhaji, carrot, potato and pea, with butter, homemade",DR,116,2.2,6.6,4.01,12.9,6.8,4.1,0.18
15-677,"Bhaji, carrot, potato and pea, with vegetable oil, homemade",DR,128,2.1,7.9,0.59,12.9,6.7,4.1,0.042
15-679,"Bhaji, cauliflower and potato, homemade",DR,106,3.3,6.8,0.52,10.1,2.8,2.3,0.042
15-680,"Bhaji, cauliflower and vegetable, homemade",DR,117,3.1,9.1,5.28,6.6,4.0,2.0,0.222
15-678,"Bhaji, cauliflower, homemade",DR,211,2.9,20.1,9.21,5.5,3.8,2.2,0.048
15-021,"Bhaji, cauliflower, potato and pea, with butter",DR,145,3.5,11.3,7.1,8.2,2.5,1.9,1.0
15-022,"Bhaji, cauliflower, potato and pea, with vegetable oil",DR,166,3.4,13.7,1.5,8.2,2.5,1.9,0.75
15-024,"Bhaji, green bean",DR,91,2.2,7.6,0.7,5.0,4.1,2.1,1.15
15-025,"Bhaji, karela, with butter ghee, homemade",DR,103,1.8,10.6,6.6,1.2,0.0,2.4,0.0
15-026,"Bhaji, karela, with vegetable oil, homemade",DR,103,1.8,10.6,1.1,1.2,0.0,2.4,0.0
15-681,"Bhaji, mushroom, homemade",DR,168,1.2,16.6,1.11,4.1,3.2,1.5,0.022
15-683,"Bhaji, mustard leaves and spinach, homemade",DR,84,3.1,6.5,3.75,3.8,1.6,0.0,0.338
15-682,"Bhaji, mustard leaves, homemade",DR,85,3.0,6.3,2.97,4.6,1.3,0.0,0.225
15-684,"Bhaji, okra, Bangladeshi, with butter ghee, homemade",DR,97,2.4,6.2,3.5,7.7,5.6,3.3,0.018
15-685,"Bhaji, okra, Bangladeshi, with vegetable oil, homemade",DR,97,2.4,6.4,0.55,7.7,5.6,3.3,0.018
15-686,"Bhaji, okra, Islami, homemade",DR,201,4.6,17.1,1.36,8.9,7.0,5.9,0.188
15-687,"Bhaji, pea, homemade",DR,363,5.0,34.6,21.58,9.3,3.2,3.8,0.765
15-688,"Bhaji, potato and fenugreek leaves, homemade",DR,222,3.7,15.9,0.0,18.8,0.0,0.0,0.118
15-689,"Bhaji, potato and green pepper, homemade",DR,134,1.5,9.0,0.63,12.7,2.6,1.6,0.008
15-690,"Bhaji, potato and onion, homemade",DR,162,2.1,10.1,6.32,16.7,3.4,2.6,0.23
15-691,"Bhaji, potato, onion and mushroom, homemade",DR,211,1.7,17.3,1.17,12.1,3.5,2.2,0.022
15-040,"Bhaji, potato, spinach and cauliflower, homemade",DR,169,2.2,15.1,9.6,7.1,1.6,1.4,0.092
15-692,"Bhaji, potato, with butter ghee, homemade",DR,161,2.2,9.8,5.7,16.6,1.5,2.1,0.01
15-693,"Bhaji, potato, with vegetable oil, homemade",DR,161,2.2,10.0,0.69,16.6,1.5,2.1,0.01
15-695,"Bhaji, spinach and potato, homemade",DR,192,3.6,14.1,0.98,13.4,1.6,2.4,0.255
15-694,"Bhaji, spinach, homemade",DR,83,3.3,6.9,3.82,2.5,2.1,2.4,0.532
15-697,"Bhaji, turnip and onion, homemade",DR,126,1.2,10.6,6.2,7.1,5.9,2.2,0.028
15-696,"Bhaji, turnip, homemade",DR,179,1.3,16.4,9.59,6.5,5.4,2.6,0.042
15-047,"Bhaji, vegetable, Punjabi, with butter",DR,108,3.5,7.2,4.3,8.2,5.5,3.2,1.125
15-048,"Bhaji, vegetable, Punjabi, with vegetable oil",DR,120,3.5,8.6,1.0,8.2,5.5,3.2,0.975
15-698,"Bhaji, vegetable, with butter, homemade",DR,185,1.9,15.3,9.49,10.3,4.7,2.4,0.362
15-699,"Bhaji, vegetable, with rapeseed oil, homemade",DR,213,1.8,18.5,1.64,10.1,4.6,2.4,0.04
17-356,Bicarbonate of soda,WY,0,0.0,0.0,0.0,0.0,0.0,0.0,68.45
19-454,"Biryani, chicken, takeaway",MR,163,8.5,7.4,2.01,16.6,0.9,1.2,0.658
11-821,"Biscuits, cheese flavoured",AM,494,10.5,28.1,11.67,53.2,2.7,4.5,2.205
11-816,"Biscuits, cookies, chocolate chip, American style",AM,440,5.2,21.3,9.58,60.6,40.5,2.5,1.055
11-815,"Biscuits, cookies, chocolate chip, standard",AM,471,5.4,24.9,12.15,60.0,30.0,3.0,0.745
11-807,"Biscuits, digestive, half coated in chocolate",AM,488,6.3,25.7,12.68,61.8,24.3,2.1,0.878
11-799,"Biscuits, digestive, plain",AM,463,6.2,21.3,7.71,65.6,17.5,3.8,1.402
11-803,"Biscuits, digestive, with oats, plain",AM,480,6.4,22.9,5.94,66.4,25.9,7.2,0.82
11-809,"Biscuits, fully coated with chocolate",AM,506,6.4,27.2,15.06,62.8,39.3,1.7,0.572
11-810,"Biscuits, fully coated with chocolate, with cream",AM,496,5.2,28.2,15.81,59.0,37.4,3.1,0.435
11-811,"Biscuits, fully coated with chocolate, with marshmallow",AM,413,4.5,19.0,10.64,59.9,41.4,2.7,0.33
11-798,"Biscuits, ginger nuts",AM,443,4.8,15.7,7.26,75.3,31.3,2.2,1.072
11-952,"Biscuits, gingernut, homemade",AM,459,4.5,19.8,12.27,70.0,32.6,2.1,1.565
11-808,"Biscuits, iced",AM,406,4.8,10.8,4.98,77.1,44.6,0.6,0.685
11-804,"Biscuits, jam filled",AM,428,5.2,14.4,6.75,74.0,33.0,1.2,0.41
11-1035,"Biscuits, melting moments, homemade",AM,564,3.4,37.1,23.31,57.8,0.0,1.2,0.838
11-1060,"Biscuits, oat based, chocolate, half coated",AM,489,6.6,24.9,9.0,63.9,33.1,6.0,0.678
11-1032,"Biscuits, plain, homemade",AM,471,6.2,22.1,13.39,66.0,26.4,2.0,0.502
11-801,"Biscuits, plain, reduced fat",AM,432,6.6,13.5,4.31,75.7,21.2,4.4,1.178
11-813,"Biscuits, sandwich, cream",AM,477,5.0,23.3,13.31,65.8,29.9,3.1,0.47
11-797,"Biscuits, semi-sweet",AM,444,6.4,15.1,5.08,75.4,20.3,2.7,0.895
11-806,"Biscuits, short or sweet, half coated in chocolate",AM,506,6.0,24.2,12.5,70.3,35.5,1.4,0.622
11-796,"Biscuits, short, sweet",AM,479,5.6,20.9,10.05,71.7,23.8,2.2,1.008
11-1034,"Biscuits, wholemeal, homemade",AM,369,12.7,7.5,3.89,66.6,4.2,9.2,0.172
13-059,"Black gram, chilki urad dahl, dried, split, boiled in unsalted water",DB,90,8.0,0.4,0.1,13.6,0.3,0.0,0.032
13-058,"Black gram, chilki urad dahl, split, dried, raw",DB,287,26.0,1.4,0.2,42.5,1.3,0.0,0.1
13-061,"Black gram, duhli urad dahl, split, dried, boiled in unsalted water",DB,96,8.1,0.4,0.1,15.1,0.3,0.0,0.032
13-060,"Black gram, duhli urad dahl, split, dried, raw",DB,298,27.2,1.4,0.2,44.0,1.3,0.0,0.1
13-057,"Black gram, urad gram, whole, dried, boiled in unsalted water",DB,89,7.8,0.4,0.1,13.6,0.3,0.0,0.032
13-056,"Black gram, urad gram, whole, dried, raw",DB,275,24.9,1.4,0.2,40.8,1.3,0.0,0.1
19-114,"Black pudding, dry-fried",MI,297,10.3,21.5,8.5,16.6,0.2,0.2,2.35
19-113,"Black pudding, raw",MI,277,9.1,20.6,7.7,14.8,0.2,0.0,2.075
14-388,"Blackberries, raw",FA,27,1.1,0.2,0.0,5.6,5.6,3.4,0.002
14-049,"Blackberries, stewed with sugar",FA,56,0.7,0.2,0.0,13.8,13.8,2.4,0.002
14-050,"Blackberries, stewed without sugar",FA,21,0.8,0.2,0.0,4.4,4.4,2.6,0.002
14-349,"Blackberry and apple, stewed with sugar",FA,63,0.4,0.2,0.03,15.8,15.8,1.8,0.005
14-364,"Blackberry and apple, stewed without sugar",F,28,0.5,0.2,0.03,6.4,6.4,1.9,0.005
17-845,"Blackcurrant juice drink/squash, diluted",PCC,27,0.0,0.0,0.0,7.2,7.2,0.0,0.005
17-737,"Blackcurrant juice drink/squash, undiluted",PCC,204,0.1,0.0,0.0,54.2,54.2,0.0,0.04
14-053,"Blackcurrants, raw",FA,28,0.9,0.0,0.0,6.6,6.6,3.6,0.008
14-054,"Blackcurrants, stewed with sugar",FA,58,0.7,0.0,0.0,15.0,15.0,2.8,0.005
14-055,"Blackcurrants, stewed without sugar",FA,24,0.8,0.0,0.0,5.6,5.6,3.1,0.005
12-557,"Blancmange, homemade",BR,96,3.3,1.6,1.02,18.1,11.7,0.0,0.102
16-170,"Bloater, flesh only, grilled",JC,251,23.5,17.4,4.4,0.0,0.0,0.0,1.75
16-171,"Bloater, flesh only, grilled, weighed with bones and skin",JC,163,15.3,11.3,2.9,0.0,0.0,0.0,1.125
14-325,Blueberries,FA,40,0.9,0.2,0.02,9.1,9.1,1.5,0.005
16-004,"Boal, raw",JA,86,15.4,2.7,0.0,0.0,0.0,0.0,0.0
19-476,"Bolognese sauce (with meat), homemade",MR,161,11.8,11.6,4.2,2.8,2.6,0.7,0.45
19-475,"Bolognese sauce (with meat), made with extra lean minced beef, homemade",MR,108,13.0,4.9,1.49,2.8,2.6,0.6,0.465
16-005,Bombay duck,JA,283,61.7,4.0,0.0,0.0,0.0,0.0,0.0
17-764,Bombay mix,SN,503,18.8,32.9,3.95,35.1,2.3,8.8,1.6
17-770,"Bouillabaisse, homemade",WAA,139,11.3,10.5,1.34,2.0,1.7,0.4,0.135
17-766,Bounty bar and own brand equivalents,SEA,480,3.7,26.3,20.5,61.0,50.4,3.2,0.45
18-392,"Brain, lamb, boiled",MG,126,11.6,8.8,2.0,0.0,0.0,0.0,0.525
11-906,"Bran, wheat",AA,186,14.8,5.5,0.89,20.6,2.3,41.3,0.008
11-1036,"Brandy snaps, homemade",AM,489,2.8,22.5,14.16,72.1,50.1,1.2,0.68
19-115,Brawn,MI,153,12.4,11.5,0.0,0.0,0.0,0.0,1.875
14-871,"Brazil nuts, kernel only",GA,683,14.3,68.2,17.41,3.1,2.4,4.3,0.008
14-884,"Brazil nuts, kernel only, weighed with shells",GA,314,6.5,31.4,8.01,1.4,1.1,2.0,0.002
11-1038,"Bread pudding, homemade",AS,289,5.9,7.7,0.0,48.0,33.3,1.2,0.595
11-1144,"Bread rolls, brown, crusty",AF,255,10.3,2.8,0.6,50.4,1.9,3.5,0.95
11-983,"Bread rolls, brown, soft",AG,236,9.9,3.2,1.1,44.8,2.8,4.3,0.95
11-984,"Bread rolls, malted wheat",AG,238,10.0,4.2,1.08,42.7,3.0,4.4,0.925
11-985,"Bread rolls, white, crusty",AG,262,9.2,2.2,0.51,54.9,2.7,2.9,1.0
11-1006,"Bread rolls, white, soft",AF,254,9.3,2.6,0.62,51.5,2.6,2.6,1.0
11-986,"Bread rolls, wholemeal",AG,244,10.4,3.3,0.8,46.1,2.6,5.5,0.95
17-664,"Bread sauce, made with semi-skimmed milk, HOMEMADE",WCD,97,4.0,2.5,1.43,15.6,5.4,0.0,0.232
17-771,"Bread sauce, made with skimmed milk, homemade",WCD,88,4.2,1.4,0.41,15.5,5.1,0.5,0.355
17-772,"Bread sauce, made with whole milk, homemade",WCD,108,4.1,3.7,1.9,15.4,5.0,0.5,0.352
11-971,"Bread, brown, average",AF,207,7.9,2.0,0.43,42.1,3.4,5.0,1.0
11-1136,"Bread, brown, toasted",AF,266,10.1,2.6,0.55,54.0,4.4,6.4,1.282
11-969,"Bread, ciabatta",AF,271,10.2,3.9,0.57,52.0,3.1,3.3,0.875
11-937,"Bread, garlic and herb, retail",AF,348,7.0,16.7,8.63,45.1,2.9,2.7,1.19
11-462,"Bread, malt, fruited",AF,295,7.8,2.3,0.52,64.9,22.6,3.5,0.615
11-972,"Bread, malted wheat",AF,237,9.6,2.3,0.58,47.4,2.9,5.3,1.0
11-910,"Bread, naan, peshwari naan, takeaway and retail",AF,251,7.6,7.9,3.13,39.8,1.6,5.6,0.975
11-973,"Bread, naan, retail",AF,285,7.8,7.3,0.97,50.2,3.1,2.9,0.9
11-974,"Bread, pitta, white",AF,255,9.1,1.3,0.2,55.1,3.0,2.3,1.0
11-947,"Bread, seeded",AF,270,9.9,7.4,1.0,43.8,3.8,6.2,0.9
11-1117,"Bread, soda, made with white flour, homemade",AF,261,7.6,1.6,0.73,57.3,2.3,2.7,0.375
11-975,"Bread, wheatgerm",AF,220,11.1,3.1,0.72,39.5,3.8,5.7,0.975
11-1145,"Bread, white, average",AF,236,8.7,2.1,0.0,48.7,3.0,2.9,1.0
11-923,"Bread, white, crusty bloomer, unsliced, fresh, large",AF,247,9.2,1.6,0.39,52.3,2.8,2.8,1.0
11-976,"Bread, white, Danish style",AF,228,9.1,2.7,0.5,44.5,3.0,3.1,1.0
11-977,"Bread, white, farmhouse or split tin",AF,241,9.0,2.0,0.49,49.9,2.9,2.9,1.0
11-978,"Bread, white, French stick",AF,263,9.0,1.9,0.34,56.1,2.8,3.3,1.0
11-979,"Bread, white, premium",AF,230,8.3,2.3,0.0,47.0,2.7,2.8,1.0
11-980,"Bread, white, sliced",AF,219,7.9,1.6,0.29,46.1,3.4,2.5,1.0
11-1137,"Bread, white, sliced, fried in rapeseed oil",AF,498,8.1,32.2,2.3,46.8,3.5,2.5,1.015
11-1001,"Bread, white, toasted",AF,267,9.7,2.0,0.35,56.2,4.1,3.0,1.225
11-1003,"Bread, white, 'with added fibre'",AF,224,8.7,2.2,0.42,45.1,3.5,4.8,0.925
11-1004,"Bread, white, 'with added fibre', toasted",AF,266,10.4,2.6,0.5,53.7,4.2,5.7,1.1
11-981,"Bread, wholemeal, average",AF,217,9.4,2.5,0.46,42.0,2.8,7.0,1.0
11-982,"Bread, wholemeal, toasted",AF,255,11.2,2.9,0.54,49.2,3.2,8.2,1.175
13-168,"Breadfruit, boiled in unsalted water",DG,119,1.6,0.4,0.0,29.0,1.5,0.0,0.002
13-167,"Breadfruit, raw",DG,95,1.3,0.3,0.0,23.1,1.2,0.0,0.002
14-895,"Breadnut seeds, dried",G,367,8.6,1.7,0.5,73.8,0.0,14.9,0.132
11-826,"Breadsticks, plain",AM,389,10.9,8.1,6.01,72.9,3.3,3.7,2.042
11-763,"Breakfast cereal, bran flakes, fortified",AI,333,9.6,2.2,0.31,73.3,21.0,13.4,0.9
11-767,"Breakfast cereal, bran type cereal, fortified",AI,267,12.4,3.4,0.53,49.7,20.0,24.6,0.9
11-746,"Breakfast cereal, cornflakes, crunchy / honey nut coated, fortified",AI,384,5.3,4.2,0.73,86.6,37.4,3.8,0.875
11-742,"Breakfast cereal, cornflakes, fortified",AI,376,7.1,0.8,0.14,90.9,7.3,2.6,1.125
11-749,"Breakfast cereal, cornflakes, frosted, fortified",AI,350,4.7,0.5,0.09,87.0,38.3,2.0,0.75
11-745,"Breakfast cereal, cornflakes, unfortified",AI,378,7.1,0.8,0.14,91.4,3.0,2.6,1.025
11-938,"Breakfast cereal, crunchy clusters type, without nuts, unfortified",AI,399,7.2,11.6,4.15,71.0,25.3,7.2,0.102
11-939,"Breakfast cereal, crunchy/crispy muesli type cereal, with nuts, unfortified",AI,450,8.4,20.5,4.61,61.9,23.1,7.9,0.345
11-779,"Breakfast cereal, fruit and fibre type, fortified",AI,348,8.0,5.8,2.65,70.3,26.2,8.6,0.875
11-755,"Breakfast cereal, honey loops and hoops, including Honey and Nut Cheerios, fortified",AI,349,6.6,3.1,0.67,78.7,34.7,4.3,0.7
11-792,"Breakfast cereal, instant hot oat, plain, raw, fortified",AI,352,11.0,7.3,1.2,64.6,0.5,8.5,0.012
11-760,"Breakfast cereal, malted flake, fortified",AI,373,11.8,1.4,0.27,83.4,17.2,3.0,0.95
11-761,"Breakfast cereal, malted wheat, fortified",AI,339,8.7,2.3,0.32,75.7,20.3,8.6,0.625
11-1019,"Breakfast cereal, multigrain hoops, fortified",AI,368,7.9,3.8,0.7,80.7,22.4,5.7,0.825
11-795,"Breakfast cereal, Oat, instant, flavoured, unfortified, made up with semi-skimmed milk",AI,98,4.4,2.4,1.1,15.6,7.8,1.0,0.175
11-793,"Breakfast cereal, oat, instant, plain, fortified, cooked, made up with semi-skimmed milk",AI,95,4.9,2.5,1.08,14.2,4.2,2.0,0.1
11-757,"Breakfast cereal, puffed wheat, honey coated, fortified",AI,355,4.7,1.2,0.16,86.8,36.8,3.1,0.05
11-756,"Breakfast cereal, puffed wheat, unfortified",AI,341,13.2,2.0,0.34,72.0,0.2,7.8,0.005
11-753,"Breakfast cereal, rice, chocolate flavoured, fortified",AI,375,4.6,2.3,1.2,89.6,37.7,2.0,0.8
11-750,"Breakfast cereal, rice, toasted/crisp, fortified",AI,374,5.7,1.0,0.22,91.2,12.4,0.7,0.925
11-754,"Breakfast cereal, Ricicles, Kellogg's",AI,377,3.8,0.4,0.09,95.4,39.1,0.3,1.15
11-777,"Breakfast cereal, shredded wheat type with fruit, unfortified",AI,326,8.4,1.7,0.25,74.0,18.7,8.8,0.052
11-775,"Breakfast cereal, shredded wheat type, unfortified",AI,333,10.9,2.5,0.34,71.2,0.6,12.2,0.01
11-778,"Breakfast cereal, Shredded Wheat, honey nut, Nestle",AI,361,9.8,5.4,1.83,72.8,19.6,9.2,0.018
11-762,"Breakfast cereal, wheat and multigrain, chocolate flavoured, fortified",AI,375,6.5,4.1,1.37,83.2,30.5,6.3,0.45
11-773,"Breakfast cereal, wheat biscuits, Weetabix type, fortified",AI,332,10.5,1.9,0.26,72.7,3.9,9.7,0.65
11-774,"Breakfast cereal, wheat biscuits, Weetabix type, unfortified",AI,332,10.5,1.9,0.26,72.7,3.9,9.7,0.695
16-006,"Bream, Sea, raw",JA,96,17.5,2.9,0.0,0.0,0.0,0.0,0.275
15-700,"Broccoli in cheese sauce, made with semi-skimmed milk, homemade",DR,118,7.3,7.5,4.52,5.9,3.0,2.7,0.325
15-701,"Broccoli in cheese sauce, made with skimmed milk, homemade",DR,114,7.3,6.9,4.18,5.9,3.0,2.5,0.325
15-702,"Broccoli in cheese sauce, made with whole milk, homemade",DR,124,7.3,8.2,5.0,5.8,2.9,2.5,0.322
13-583,"Broccoli, green, boiled in salted water",DG,28,3.3,0.5,0.12,2.8,1.6,2.8,0.375
13-503,"Broccoli, green, boiled in unsalted water",DG,28,3.3,0.5,0.12,2.8,1.6,2.8,0.015
13-502,"Broccoli, green, raw",DG,34,4.3,0.6,0.15,3.2,1.9,4.0,0.022
13-504,"Broccoli, green, steamed",DG,34,4.1,0.5,0.12,3.5,2.0,3.8,0.018
13-176,"Broccoli, purple sprouting, boiled in unsalted water",DG,19,2.1,0.6,0.1,1.3,0.9,2.3,0.015
13-174,"Broccoli, purple sprouting, raw",DG,35,3.9,1.1,0.2,2.6,2.1,3.5,0.025
17-706,Brown fruity sauce,WCN,98,1.2,0.1,0.0,22.2,19.6,0.7,1.275
17-678,"Brown sauce, reduced salt/sugar",WCN,88,0.7,0.1,0.0,20.0,14.1,0.7,0.975
11-1127,"Brownies, chocolate, homemade",AN,506,6.2,30.8,16.43,54.3,46.1,1.7,0.468
13-630,"Brussels sprouts, boiled in unsalted water",DG,32,3.1,0.4,0.09,4.2,3.7,3.2,0.012
13-177,"Brussels sprouts, raw",DG,42,3.5,1.4,0.3,4.1,3.1,4.1,0.015
15-704,"Bubble and squeak, fried in rapeseed oil, homemade",DR,126,1.7,9.0,0.62,10.1,1.6,1.9,0.008
15-703,"Bubble and squeak, fried in sunflower oil, homemade",DR,128,1.7,9.1,1.11,10.2,1.6,1.9,0.008
11-006,"Buckwheat, groats",AA,364,8.1,1.5,0.0,84.9,0.4,2.1,0.002
17-823,"Build up, powder, shake, assorted flavours",PAA,325,20.5,0.7,0.4,63.0,62.0,8.2,0.625
17-728,"Build-up powder, soup, assorted flavours",PAA,407,14.4,14.9,4.6,57.3,14.3,6.5,2.45
19-651,"Burger, beef, 62-85% beef, raw",MBG,219,15.9,15.2,5.72,4.9,2.7,0.7,0.825
19-546,"Burger, beef, 62-85%, beef, grilled",MBG,229,18.3,13.8,5.22,8.5,2.1,0.6,1.1
19-490,"Burger, beef, 98-99% beef, fried in vegetable oil",MBG,329,28.5,23.9,10.7,0.1,0.1,0.7,1.175
19-491,"Burger, beef, 98-99% beef, grilled",MBG,326,26.5,24.4,10.9,0.1,0.1,0.7,1.0
19-492,"Burger, beef, 98-99% beef, raw",MBG,291,17.1,24.7,10.71,0.1,0.1,0.5,0.725
19-553,"Burger, beef, fried in rapeseed oil, homemade",MR,297,23.9,21.9,8.32,1.1,0.8,0.3,0.272
19-555,"Burger, beef, grilled, homemade",MR,288,25.0,20.3,8.54,1.1,0.9,0.3,0.285
19-554,"Burger, beef, with bun, fried in rapeseed oil, homemade",MR,291,21.0,18.6,6.93,10.3,1.1,0.2,0.485
19-556,"Burger, beef, with bun, grilled, homemade",MR,283,21.9,17.4,7.11,10.3,1.1,0.4,0.495
19-493,"Burger, Big Mac, takeaway",MBG,232,13.1,11.2,4.7,20.9,3.9,1.9,0.975
19-545,"Burger, cheeseburger, takeaway",MBG,254,13.6,10.4,4.9,28.3,5.7,1.4,1.4
19-315,"Burger, chicken, takeaway",MBG,235,12.5,10.8,0.0,23.4,0.0,1.3,1.4
18-502,"Burger, chicken/turkey, coated, retail, grilled",MCA,266,14.2,15.5,2.63,18.7,0.9,0.8,0.958
19-544,"Burger, hamburger, takeaway",MBG,246,13.5,8.3,3.5,31.2,6.6,1.8,1.2
19-487,"Burger, Quarter Pounder with cheese, takeaway",MBG,263,16.3,13.2,6.8,21.2,5.5,1.6,1.158
19-514,"Burger, Whopper, takeaway",MBG,223,10.4,12.1,3.3,19.2,4.2,1.2,0.892
17-685,"Butter, salted",OA,744,0.6,82.2,52.09,0.6,0.6,0.0,1.825
17-655,"Butter, spreadable (75-80% fat)",OA,715,0.4,79.1,34.15,0.5,0.5,0.0,1.21
17-656,"Butter, spreadable, light (60% fat)",OA,547,0.5,60.2,25.7,0.8,0.8,0.0,1.168
17-661,"Butter, unsalted",OA,744,0.6,82.2,52.09,0.6,0.6,0.0,0.02
17-001,"Butteroil, unsalted",OB,896,0.6,99.3,65.6,0.0,0.0,0.0,0.038
19-631,"Cabbage leaves, stuffed with lamb and rice, homemade",MR,100,7.1,4.2,1.8,8.3,1.6,1.5,0.382
13-581,"Cabbage, average, boiled in unsalted water",DG,17,1.1,0.2,0.02,2.8,2.8,2.2,0.012
13-582,"Cabbage, average, raw",DG,26,1.8,0.2,0.02,4.4,4.4,3.5,0.018
13-187,"Cabbage, Chinese, raw",DG,12,1.0,0.2,0.0,1.4,1.4,1.2,0.018
13-511,"Cabbage, green, boiled in unsalted water",DG,17,1.5,0.2,0.04,2.3,2.3,2.2,0.012
13-510,"Cabbage, green, raw",DG,27,2.4,0.2,0.04,4.1,4.1,4.1,0.018
13-540,"Cabbage, red, boiled in unsalted water",DG,15,0.8,0.3,0.0,2.3,2.0,2.3,0.015
15-705,"Cabbage, red, cooked with apple",DR,57,0.9,2.6,0.77,7.9,7.5,0.1,0.075
13-190,"Cabbage, red, raw",DG,21,1.1,0.3,0.0,3.7,3.3,2.9,0.02
13-584,"Cabbage, white, boiled in unsalted water",DG,16,0.8,0.1,0.0,3.2,3.2,2.1,0.012
13-509,"Cabbage, white, raw",DG,24,1.2,0.1,0.0,4.8,4.8,3.0,0.018
11-740,"Cake bars, chocolate",AN,430,5.0,21.6,9.9,57.5,41.5,1.9,0.588
11-916,Cake rusks,AM,452,8.7,23.1,8.08,55.7,24.6,1.6,0.898
11-835,"Cake, battenberg, retail",AN,354,4.4,9.9,3.08,65.9,56.8,1.5,0.342
11-836,"Cake, carrot, iced, retail",AN,374,4.2,20.2,5.14,46.8,34.5,1.9,0.55
11-1041,"Cake, carrot, with topping, homemade",AN,346,4.0,21.1,5.19,37.7,23.7,1.5,0.535
11-1044,"Cake, cherry, homemade",AN,398,5.0,14.4,4.67,66.5,40.0,1.2,0.568
11-527,"Cake, chocolate fudge",AN,358,5.2,14.3,4.57,55.7,43.5,1.9,0.662
11-1046,"Cake, chocolate, not filled, homemade",AN,438,7.3,24.1,8.28,51.3,28.5,1.8,0.878
11-1047,"Cake, chocolate, with butter icing, homemade",AN,452,5.8,25.2,10.43,53.8,35.7,1.4,0.835
11-830,"Cake, chocolate, with filling and icing, retail",AN,413,4.5,23.7,9.46,48.6,36.6,2.9,0.648
11-1053,"Cake, coconut, homemade",AN,423,6.7,22.1,10.44,52.6,21.3,2.6,0.97
11-829,"Cake, fruit, retail",AN,334,4.5,12.1,4.64,55.2,39.6,3.0,0.482
11-1005,"Cake, fruit, rich, homemade",AN,349,4.0,11.1,6.48,61.5,49.6,1.5,0.332
11-991,"Cake, fruit, rich, iced, homemade",AN,355,3.7,9.6,4.53,67.0,58.9,1.3,0.245
11-1072,"Cake, fruit, wholemeal, homemade",AN,366,5.8,14.1,4.59,52.4,29.2,2.4,0.6
11-1090,"Cake, lardy, homemade",AN,369,6.7,15.7,6.44,53.7,10.0,2.3,0.045
11-833,"Cake, loaf, retail",AN,323,3.3,11.0,3.16,56.2,33.5,1.4,0.915
11-957,"Cake, sponge, fatless, homemade",AN,292,9.9,5.6,1.59,53.9,30.6,1.2,0.228
11-956,"Cake, sponge, homemade",AN,463,6.4,26.4,15.69,53.1,30.3,1.1,1.075
11-832,"Cake, sponge, soft iced, retail",AN,368,4.8,15.8,6.21,55.0,39.0,1.3,0.628
11-1118,"Cake, sponge, with butter icing, homemade",AN,476,4.5,27.3,16.57,56.2,40.0,0.8,0.955
11-532,"Cake, sponge, with dairy cream and jam, frozen",AN,280,4.3,10.9,0.0,43.9,24.3,2.7,0.545
11-831,"Cake, sponge, with jam and butter cream, retail",AN,354,3.7,14.8,6.96,55.1,37.6,1.2,0.55
11-1125,"Cake, Swiss roll, homemade",AN,286,7.4,4.2,1.18,58.4,42.2,0.8,0.188
11-834,"Cake, Swiss rolls, chocolate covered and filled, retail",AN,414,4.5,22.7,11.68,51.0,41.2,3.1,0.648
11-840,Cakes from 'healthy eating' ranges,AN,257,3.3,2.5,1.22,58.8,47.4,2.6,0.175
11-990,"Cakes, crispie, homemade",AN,460,5.5,18.0,10.64,73.7,43.0,2.1,0.422
11-839,"Cakes, fancy iced, individual, retail",AN,381,3.3,16.8,5.86,57.6,44.1,1.1,0.688
16-404,"Calamari, coated in batter, baked",JM,288,8.5,17.5,2.07,25.9,0.0,1.9,2.955
15-706,"Callaloo and cho cho, homemade",DR,77,1.9,6.6,2.84,2.6,2.2,1.6,0.298
15-707,"Callaloo and okra, homemade",DR,73,1.8,6.4,2.75,2.2,1.9,1.6,0.245
15-708,"Cannelloni, spinach, homemade",DR,140,5.2,6.9,1.81,15.4,2.0,0.8,0.185
15-709,"Cannelloni, vegetable, homemade",DR,155,4.9,8.5,2.87,15.5,2.4,0.7,0.162
17-649,"Caramel bars and sweets, chocolate covered",SEA,493,4.2,23.6,13.78,70.2,56.0,0.7,0.4
13-808,Caraway seeds,H,0,19.8,14.6,0.6,0.0,0.0,0.0,0.042
19-558,"Carbonnade of Beef, homemade",MR,134,12.7,6.5,2.12,5.2,2.7,0.8,0.575
13-809,"Cardamom, ground",H,0,10.8,6.7,0.0,0.0,0.0,0.0,0.045
16-172,"Carp, raw",JA,112,17.5,4.7,0.9,0.0,0.0,0.0,0.108
13-607,Carrot juice,DG,24,0.5,0.1,0.0,5.7,5.7,0.6,0.128
13-497,"Carrots, old, boiled in unsalted water",DG,29,0.5,0.5,0.15,6.0,5.5,2.8,0.072
13-498,"Carrots, old, microwaved",DG,32,0.6,0.2,0.06,7.5,7.2,2.8,0.11
13-496,"Carrots, old, raw",DG,34,0.5,0.4,0.1,7.7,7.2,3.9,0.068
13-449,"Carrots, young, boiled in unsalted water",DG,22,0.6,0.4,0.1,4.4,4.2,2.3,0.058
13-565,"Carrots, young, canned in water, re-heated, drained",DG,20,0.5,0.3,0.1,4.2,3.7,2.6,0.0
13-448,"Carrots, young, raw",DG,30,0.7,0.5,0.1,6.0,5.6,2.4,0.1
14-060,"Cashew fruit, flesh only",FA,33,0.9,0.4,0.0,6.8,6.8,0.0,0.018
14-811,"Cashew nuts, kernel only, plain",GA,573,17.7,48.2,9.5,18.1,4.6,3.2,0.038
14-812,"Cashew nuts, kernel only, roasted and salted",GA,611,20.5,50.9,10.1,18.8,5.6,4.3,0.725
13-209,"Cassava, baked",DG,155,0.7,0.2,0.1,40.1,1.6,1.7,0.012
13-210,"Cassava, boiled in unsalted water",DG,130,0.5,0.2,0.1,33.5,1.4,1.4,0.01
13-212,"Cassava, frozen, raw",DG,140,0.6,0.2,0.1,36.3,1.0,1.6,0.022
13-208,"Cassava, raw",DG,142,0.6,0.2,0.1,36.8,1.5,1.6,0.012
13-211,"Cassava, steamed",DG,142,0.6,0.2,0.1,36.8,1.5,1.6,0.01
15-712,"Casserole, bean and mixed vegetable, homemade",DR,42,2.7,0.7,0.11,6.6,3.4,1.9,0.145
15-713,"Casserole, bean and root vegetable, homemade",DR,48,3.0,0.6,0.08,8.4,3.2,1.8,0.085
19-470,"Casserole, beef, made with cook-in sauce",MR,137,15.0,6.6,2.75,4.8,2.7,0.7,0.755
19-612,"Casserole, pork and apple, homemade",MR,100,11.0,2.9,0.66,7.5,4.3,0.5,0.44
19-536,"Casserole, pork, made with cook-in sauce",MR,154,17.0,7.9,2.68,4.0,2.3,0.7,0.458
19-623,"Casserole, rabbit, homemade",MR,97,11.4,4.8,1.37,2.2,1.1,0.6,0.975
19-484,"Casserole, sausage, homemade",MR,165,11.9,10.9,3.65,5.2,2.0,1.6,1.108
15-714,"Casserole, sweet potato and green banana, homemade",DR,181,1.2,6.5,4.09,31.2,24.6,1.6,0.198
15-638,"Casserole, vegetable, homemade",DR,52,2.1,0.4,0.07,10.6,5.1,2.4,0.09
16-008,"Catfish, flesh only, steamed",JA,119,21.4,3.7,0.5,0.0,0.0,0.0,0.275
16-009,"Catfish, flesh only, steamed, weighed with bones",JA,101,18.2,3.1,0.4,0.0,0.0,0.0,0.23
16-007,"Catfish, raw",JA,96,17.6,2.8,0.4,0.0,0.0,0.0,0.238
15-639,"Cauliflower cheese, made with semi-skimmed milk, homemade",DR,97,5.3,5.9,3.05,6.2,3.2,1.3,0.26
15-710,"Cauliflower cheese, made with skimmed milk, homemade",DR,94,5.3,5.6,2.81,6.2,3.2,1.3,0.262
15-711,"Cauliflower cheese, made with whole milk, homemade",DR,102,5.3,6.4,3.36,6.1,3.1,1.3,0.26
15-637,"Cauliflower cheese, retail",DR,88,4.2,5.8,0.0,5.0,1.9,1.6,0.5
15-715,"Cauliflower in white sauce, made with semi-skimmed milk, homemade",DR,63,2.7,3.2,1.8,6.0,3.3,1.4,0.095
15-716,"Cauliflower in white sauce, made with skimmed milk, homemade",DR,58,2.8,2.8,1.46,6.0,3.3,1.4,0.095
15-717,"Cauliflower in white sauce, made with whole milk, homemade",DR,72,2.7,4.2,2.38,6.2,3.2,1.4,0.098
15-718,"Cauliflower with onions and chilli pepper, homemade",DR,55,1.8,3.4,0.34,4.6,3.3,2.0,0.018
13-513,"Cauliflower, boiled in unsalted water",DG,29,1.9,0.9,0.2,3.5,2.4,1.9,0.018
13-512,"Cauliflower, raw",DG,30,2.5,0.4,0.09,4.4,2.9,1.8,0.018
16-272,"Caviare, bottled in brine, drained",JR,92,10.9,5.4,0.8,0.0,0.0,0.0,5.3
13-585,"Celeriac, boiled in unsalted water",DG,15,0.9,0.5,0.0,1.9,1.5,3.2,0.198
13-219,"Celeriac, raw",DG,18,1.2,0.4,0.0,2.3,1.8,3.7,0.228
13-810,Celery seeds,H,0,18.1,25.3,2.2,0.0,0.0,0.0,0.4
13-637,"Celery, boiled in unsalted water",DG,5,0.3,0.1,0.0,0.8,0.8,0.8,0.108
13-636,"Celery, raw",DG,9,0.5,0.1,0.0,1.4,1.4,1.5,0.192
11-819,"Cereal bars, with fruit and/or nuts, no chocolate, unfortified",AM,354,5.6,10.7,3.85,62.9,34.3,6.2,0.162
11-818,"Cereal bars, with fruit and/or nuts, with chocolate, unfortified",AM,436,6.0,18.3,8.43,66.0,40.7,5.1,0.552
11-987,"Chapatis, made with fat, retail",AF,328,8.1,12.8,0.0,48.3,1.8,0.0,0.75
11-459,"Chapatis, made without fat",AF,202,7.3,1.0,0.1,43.7,1.6,0.0,0.3
13-224,"Chard, Swiss, boiled in unsalted water",DG,20,1.9,0.1,0.0,3.2,0.4,0.0,0.45
13-223,"Chard, Swiss, raw",DG,19,1.8,0.2,0.0,2.9,0.6,0.0,0.525
11-997,"Cheese and onion rolls, pastry, retail",AT,327,8.2,20.0,8.97,30.4,3.0,2.9,0.775
12-561,"Cheese pudding, homemade",BV,170,10.6,9.3,4.95,11.7,3.1,0.3,0.68
17-665,"Cheese sauce, made with semi-skimmed milk, homemade",WCD,182,8.2,12.8,8.01,9.0,4.2,0.7,0.532
17-773,"Cheese sauce, made with skimmed milk, homemade",WCD,172,8.2,11.6,7.23,9.1,4.3,0.2,0.538
17-775,"Cheese sauce, made with whole milk, homemade",WCD,197,8.2,14.6,9.12,8.9,4.1,0.2,0.53
17-666,"Cheese sauce, packet mix, made up with semi-skimmed milk, homemade",WCD,106,5.8,5.2,3.26,9.7,5.3,0.2,0.955
17-780,"Cheese sauce, packet mix, made up with skimmed milk, homemade",WCD,79,5.6,2.4,0.0,9.2,5.3,0.0,1.13
17-781,"Cheese sauce, packet mix, made up with whole milk, homemade",WCD,108,5.5,5.7,0.0,9.0,5.1,0.0,1.125
12-540,"Cheese spread, plain",BL,237,11.3,18.6,12.91,6.5,6.5,0.0,1.825
12-537,"Cheese spread, plain, reduced fat",BL,154,15.0,7.2,4.56,7.9,7.3,0.0,1.875
11-824,"Cheese straws/twists, retail",AM,510,14.1,30.3,17.54,48.3,1.6,2.5,2.435
12-491,"Cheese, Brie, rind only",BL,304,16.5,26.4,0.0,0.0,0.0,0.0,1.422
12-344,"Cheese, Brie, with outer rind removed",BL,343,20.3,29.1,18.2,0.0,0.0,0.0,1.39
12-132,"Cheese, Caerphilly",BL,375,23.2,31.3,19.6,0.1,0.1,0.0,1.2
12-345,"Cheese, Camembert",BL,290,21.5,22.7,14.2,0.0,0.0,0.0,1.512
12-548,"Cheese, Cheddar type, '30% less fat'",BL,314,27.9,22.1,13.8,0.8,0.1,0.0,1.8
12-348,"Cheese, Cheddar type, half fat",BL,273,32.7,15.8,9.9,0.0,0.0,0.0,1.675
12-346,"Cheese, Cheddar, English",BL,416,25.4,34.9,21.68,0.1,0.1,0.0,1.808
12-539,"Cheese, cottage, plain",BL,103,9.4,6.0,3.24,3.1,3.1,0.0,0.625
12-550,"Cheese, cottage, plain, reduced fat",BL,68,10.6,1.5,0.96,3.3,3.3,0.0,0.525
12-354,"Cheese, Danish blue",BL,342,20.5,28.9,19.13,0.0,0.0,0.0,3.05
12-152,"Cheese, Derby",BL,402,24.2,33.9,21.2,0.1,0.1,0.0,1.45
12-494,"Cheese, Dolcelatte, rind removed",BL,394,18.0,35.8,22.23,0.0,0.0,0.0,2.258
12-487,"Cheese, Double Gloucester",BL,413,24.4,35.0,21.93,0.1,0.1,0.0,1.682
12-355,"Cheese, Edam",BL,341,26.7,26.0,15.8,0.0,0.0,0.0,2.49
12-493,"Cheese, Emmental",BL,399,30.2,30.9,20.59,0.0,0.0,0.0,0.468
12-525,"Cheese, Feta",BL,250,15.6,20.2,13.7,1.5,1.5,0.0,2.5
12-357,"Cheese, goats milk, full fat, soft, white rind",BL,320,21.1,25.8,17.91,1.0,1.0,0.0,1.502
12-358,"Cheese, Gouda",BL,377,25.3,30.6,20.33,0.0,0.0,0.0,2.312
12-164,"Cheese, Gruyere",BL,409,27.2,33.3,20.8,0.0,0.0,0.0,1.675
12-496,"Cheese, Halloumi",BL,313,23.9,23.5,16.58,1.7,1.7,0.0,3.0
12-604,"Cheese, hard, average",BL,411,24.9,34.5,21.57,0.1,0.1,0.0,1.718
12-488,"Cheese, Lancashire",BL,382,24.1,31.7,21.04,0.1,0.1,0.0,1.438
12-490,"Cheese, Mascarpone",BL,435,4.6,44.5,29.48,4.3,4.3,0.0,0.175
12-360,"Cheese, Mozzarella, fresh",BL,257,18.6,20.3,13.75,0.0,0.0,0.0,0.988
12-495,"Cheese, Paneer",BL,328,26.0,24.5,15.43,0.9,0.9,0.0,0.048
12-526,"Cheese, Parmesan, fresh",BL,415,36.2,29.7,19.25,0.9,0.9,0.0,1.65
12-492,"Cheese, Port Salut, St Paulin type",BL,333,25.5,25.7,18.06,0.0,0.0,0.0,1.748
12-527,"Cheese, processed, plain",BL,297,17.8,23.0,14.32,5.0,5.0,0.0,2.5
12-549,"Cheese, processed, slices, reduced fat",BL,190,16.7,9.6,5.85,9.7,7.6,0.0,2.025
12-173,"Cheese, processed, smoked",BL,303,20.5,24.5,15.1,0.2,0.2,0.0,3.175
12-174,"Cheese, Quark",BL,74,14.6,0.0,0.0,4.0,4.0,0.0,0.112
12-485,"Cheese, Red Leicester",BL,403,25.0,33.6,21.1,0.1,0.1,0.0,1.662
12-175,"Cheese, Red Windsor",BL,401,24.4,33.7,21.1,0.0,0.0,0.0,1.725
12-176,"Cheese, Ricotta",BL,144,9.4,11.0,6.9,2.0,2.0,0.0,0.25
12-177,"Cheese, Roquefort",BL,375,19.7,32.9,20.7,0.0,0.0,0.0,4.175
12-178,"Cheese, Sage Derby",BL,402,24.2,33.9,21.2,0.1,0.1,0.0,1.5
12-551,"Cheese, spreadable, full fat, soft, white",BL,252,5.3,24.4,15.97,3.0,3.0,0.0,0.65
12-538,"Cheese, spreadable, medium fat, soft, white",BL,153,9.8,11.2,7.35,3.5,3.5,0.0,0.675
12-541,"Cheese, spreadable, soft white, low fat",BL,99,11.9,3.6,2.4,5.0,5.0,0.0,0.65
12-367,"Cheese, Stilton, blue",BL,410,23.7,35.0,23.02,0.1,0.1,0.0,1.97
12-181,"Cheese, Stilton, white",BL,362,19.9,31.3,19.6,0.1,0.1,0.0,1.925
12-489,"Cheese, Wensleydale",BL,381,23.7,31.8,19.7,0.1,0.1,0.0,1.1
12-486,"Cheese, White Cheshire",BL,380,23.4,31.8,21.23,0.1,0.1,0.0,1.23
12-368,"Cheese, white, average",BL,381,23.7,31.8,21.1,0.1,0.1,0.0,1.255
12-395,"Cheesecake, fruit, frozen",BR,294,4.0,16.2,9.44,35.2,25.0,1.0,0.365
12-542,"Cheesecake, fruit, individual",BR,264,6.1,12.3,7.54,34.5,25.4,1.6,0.225
12-562,"Cheesecake, homemade",BR,325,6.2,22.8,13.18,25.4,15.5,0.6,0.665
11-1043,"Chelsea buns, homemade",AP,361,7.8,12.5,4.08,57.8,21.0,1.6,0.348
14-382,"Cherries, flesh and skin, raw",FA,63,1.2,0.4,0.08,14.6,14.6,1.9,0.0
14-383,"Cherries, flesh and skin, raw, weighed with stones",FA,58,1.1,0.4,0.07,13.4,13.4,1.7,0.0
14-335,"Cherries, glace",FA,294,0.4,0.0,0.0,78.1,0.0,0.9,0.068
14-063,"Cherries, stewed with sugar",FA,82,0.7,0.1,0.0,21.0,21.0,0.7,0.0
14-064,"Cherries, stewed with sugar, weighed with stones",FA,71,0.6,0.1,0.0,18.1,18.1,0.6,0.0
14-065,"Cherries, stewed without sugar",FA,42,0.8,0.1,0.0,10.1,10.1,0.8,0.0
14-066,"Cherries, stewed without sugar, weighed with stones",FA,36,0.6,0.1,0.0,8.6,8.6,0.7,0.0
14-069,"Cherries, West Indian, flesh only",FA,24,0.4,0.4,0.0,5.0,5.0,0.0,0.012
13-811,"Chervil, dried",H,237,23.2,3.9,0.0,37.8,0.0,0.0,0.208
14-815,"Chestnuts, dried",GA,319,3.7,5.1,0.9,69.0,13.2,7.7,0.052
14-813,"Chestnuts, kernel only, raw",GA,170,2.0,2.7,0.5,36.6,7.0,4.1,0.028
14-814,"Chestnuts, kernel only, raw, weighed with shells",GA,140,1.6,2.2,0.4,30.4,5.8,3.4,0.022
17-782,"Chevda/chevra/chewra, homemade",SNC,487,18.6,31.8,4.71,35.5,0.0,4.2,0.285
18-504,"Chicken breast/steak, coated, baked",MCA,234,17.7,11.6,1.78,15.8,1.1,0.8,1.165
19-560,"Chicken chasseur, homemade",MR,78,13.5,1.5,0.25,2.3,1.1,0.2,0.332
19-663,"Chicken chasseur, homemade, weighed with bone",MR,69,12.0,1.3,0.22,2.0,1.0,0.2,0.295
19-561,"Chicken fricassee, homemade",MR,115,10.0,6.1,2.4,2.8,1.5,0.5,0.658
19-562,"Chicken fricassee, reduced fat, homemade",MR,101,10.2,4.2,1.19,3.2,2.0,0.5,0.658
19-563,"Chicken in white sauce, made with semi-skimmed milk",MR,156,17.0,7.7,3.42,5.0,2.3,0.1,0.222
19-564,"Chicken in white sauce, made with whole milk",MR,168,17.0,9.0,4.22,5.2,2.2,0.1,0.228
18-501,"Chicken pieces, coated, takeaway",MCA,267,18.5,14.1,2.32,17.6,0.0,1.3,1.338
18-500,"Chicken portions, battered, deep fried, takeaway",MCA,233,24.8,12.8,3.07,4.8,0.0,2.9,1.192
19-323,"Chicken satay, takeaway",MR,191,21.7,10.3,3.02,3.0,1.6,2.0,1.532
19-538,Chicken slices,MI,114,23.2,1.5,0.4,2.0,0.2,0.3,1.45
17-697,"Chicken soup, cream of, canned, condensed, as served",WAC,43,1.3,2.9,0.4,3.0,0.7,0.0,0.625
19-541,"Chicken wings, marinated, meat and skin, barbecued",MR,274,27.4,16.6,4.6,4.1,3.6,0.5,0.975
19-652,"Chicken wings, marinated, meat and skin, barbecued, weighed with bone",MR,179,17.8,10.8,3.0,2.7,2.3,0.3,0.625
18-308,"Chicken, breast, casseroled, meat and skin",MCA,184,26.9,8.5,2.4,0.0,0.0,0.0,0.15
18-309,"Chicken, breast, casseroled, meat and skin, weighed with bone",MCA,165,24.2,7.6,2.1,0.0,0.0,0.0,0.138
18-307,"Chicken, breast, casseroled, meat only",MCA,160,28.4,5.2,1.5,0.0,0.0,0.0,0.15
18-324,"Chicken, breast, grilled with skin, meat only",MCA,147,29.8,3.1,0.9,0.0,0.0,0.0,0.15
18-323,"Chicken, breast, grilled without skin, meat only",MCA,148,32.0,2.2,0.6,0.0,0.0,0.0,0.138
18-325,"Chicken, breast, grilled, meat and skin",MCA,173,28.9,6.4,0.9,0.0,0.0,0.0,0.152
18-326,"Chicken, breast, strips, stir-fried in corn oil",MCA,161,29.7,4.6,0.0,0.0,0.0,0.0,0.152
18-299,"Chicken, corn-fed, raw, dark meat only",MCA,143,19.5,7.2,2.1,0.0,0.0,0.0,0.2
18-300,"Chicken, corn-fed, raw, light meat only",MCA,118,23.0,2.8,0.8,0.0,0.0,0.0,0.225
18-301,"Chicken, corn-fed, raw, meat only",MCA,129,21.4,4.8,1.4,0.0,0.0,0.0,0.212
18-302,"Chicken, corn-fed, raw, skin only",MCA,514,10.1,52.7,15.2,0.0,0.0,0.0,0.125
18-343,"Chicken, corn-fed, roasted, dark meat only",MCA,185,24.0,9.8,2.8,0.0,0.0,0.0,0.238
18-344,"Chicken, corn-fed, roasted, light meat only",MCA,141,25.8,4.2,1.2,0.0,0.0,0.0,0.225
18-345,"Chicken, corn-fed, roasted, meat only",MCA,164,24.9,7.2,2.1,0.0,0.0,0.0,0.225
18-289,"Chicken, dark meat, raw",MCA,109,20.9,2.8,0.8,0.0,0.0,0.0,0.225
18-329,"Chicken, dark meat, roasted",MCA,196,24.4,10.9,2.89,0.0,0.0,0.0,0.25
18-311,"Chicken, drumsticks, casseroled, meat and skin",MCA,217,22.3,14.2,3.8,0.0,0.0,0.0,0.188
18-312,"Chicken, drumsticks, casseroled, meat and skin, weighed with bone",MCA,141,14.5,9.2,2.6,0.0,0.0,0.0,0.125
18-310,"Chicken, drumsticks, casseroled, meat only",MCA,185,24.3,9.7,2.6,0.0,0.0,0.0,0.175
18-335,"Chicken, drumsticks, roasted, meat and skin",MCA,185,25.8,9.1,2.5,0.0,0.0,0.0,0.325
18-336,"Chicken, drumsticks, roasted, meat and skin, weighed with bone",MCA,116,16.2,5.7,1.5,0.0,0.0,0.0,0.2
18-334,"Chicken, drumsticks, roasted, meat only",MCA,152,26.6,5.1,1.4,0.0,0.0,0.0,0.425
18-314,"Chicken, leg quarter, casseroled, meat and skin",MCA,217,22.9,13.9,3.8,0.0,0.0,0.0,0.175
18-315,"Chicken, leg quarter, casseroled, meat and skin, weighed with bone",MCA,137,14.4,8.8,2.4,0.0,0.0,0.0,0.112
18-313,"Chicken, leg quarter, casseroled, meat only",MCA,176,25.0,8.4,2.3,0.0,0.0,0.0,0.188
18-293,"Chicken, leg quarter, raw, meat and skin",MCA,193,18.3,13.3,3.6,0.0,0.0,0.0,0.2
18-294,"Chicken, leg quarter, raw, meat and skin, weighed with bone",MCA,133,12.6,9.2,2.5,0.0,0.0,0.0,0.138
18-337,"Chicken, leg quarter, roasted, meat and skin",MCA,236,20.9,16.9,4.6,0.0,0.0,0.0,0.238
18-338,"Chicken, leg quarter, roasted, meat and skin, weighed with bone",MCA,120,10.7,8.6,2.3,0.0,0.0,0.0,0.125
18-290,"Chicken, light meat, raw",MCA,106,24.0,1.1,0.3,0.0,0.0,0.0,0.15
18-330,"Chicken, light meat, roasted",MCA,153,30.2,3.6,1.02,0.0,0.0,0.0,0.15
18-488,"Chicken, meat, average, raw",MCA,108,22.3,2.1,0.6,0.0,0.0,0.0,0.192
18-331,"Chicken, meat, average, roasted",MCA,177,27.3,7.5,2.1,0.0,0.0,0.0,0.2
18-327,"Chicken, portions, not coated, deep-fried, meat and skin",MCA,259,26.9,16.8,4.6,0.0,0.0,0.0,0.375
18-328,"Chicken, portions, not coated, deep-fried, meat and skin, weighed with bone",MCA,179,18.6,11.6,3.2,0.0,0.0,0.0,0.275
18-316,"Chicken, skin, casseroled",MCA,407,13.4,39.3,11.0,0.0,0.0,0.0,0.138
18-292,"Chicken, skin, raw",MCA,474,9.7,48.3,13.6,0.0,0.0,0.0,0.125
18-332,"Chicken, skin, roasted/grilled, dry",MCA,501,21.5,46.1,12.9,0.0,0.0,0.0,0.2
18-333,"Chicken, skin, roasted/grilled, moist",MCA,452,17.0,42.6,12.0,0.0,0.0,0.0,0.2
19-569,"Chicken, stir-fried with mushrooms and cashew nuts, homemade",MR,160,18.4,7.0,1.31,4.8,2.2,0.9,0.805
19-570,"Chicken, stir-fried with peppers in black bean sauce, homemade",MR,124,19.0,4.2,0.0,2.7,2.4,0.6,0.915
19-521,"Chicken, stir-fried with rice and vegetables, retail, reheated",MR,132,6.5,4.6,0.0,17.1,3.9,1.3,0.0
18-317,"Chicken, thighs, casseroled, meat and skin",MCA,233,21.5,16.3,4.4,0.0,0.0,0.0,0.175
18-318,"Chicken, thighs, casseroled, meat and skin, weighed with bone",MCA,193,17.8,13.5,3.7,0.0,0.0,0.0,0.15
18-319,"Chicken, thighs, casseroled, meat only, diced",MCA,180,25.6,8.6,2.4,0.0,0.0,0.0,0.1
18-303,"Chicken, whole, corn-fed, raw, meat and skin",MCA,218,18.8,15.9,4.6,0.0,0.0,0.0,0.2
18-304,"Chicken, whole, corn-fed, raw, meat and skin, weighed with bone",MCA,142,12.2,10.3,3.0,0.0,0.0,0.0,0.125
18-346,"Chicken, whole, corn-fed, roasted, meat and skin",MCA,215,24.0,13.2,3.8,0.0,0.0,0.0,0.225
18-347,"Chicken, whole, corn-fed, roasted, meat and skin, weighed with bone",MCA,129,14.4,7.9,2.7,0.0,0.0,0.0,0.138
18-297,"Chicken, whole, raw, meat and skin",MCA,201,19.1,13.8,3.8,0.0,0.0,0.0,0.175
18-298,"Chicken, whole, raw, meat and skin, weighed with bone",MCA,131,12.4,9.0,2.5,0.0,0.0,0.0,0.112
18-341,"Chicken, whole, roasted, meat and skin",MCA,218,26.3,12.5,3.4,0.0,0.0,0.0,0.2
18-342,"Chicken, whole, roasted, meat and skin, weighed with bone",MCA,138,16.6,7.9,2.2,0.0,0.0,0.0,0.125
18-321,"Chicken, wing quarter, casseroled, meat and skin",MCA,210,24.4,12.5,3.5,0.0,0.0,0.0,0.15
18-322,"Chicken, wing quarter, casseroled, meat and skin, weighed with bone",MCA,141,16.3,8.4,2.3,0.0,0.0,0.0,0.1
18-320,"Chicken, wing quarter, casseroled, meat only",MCA,164,26.9,6.3,1.7,0.0,0.0,0.0,0.162
18-295,"Chicken, wing quarter, raw, meat and skin",MCA,193,20.3,12.4,3.5,0.0,0.0,0.0,0.15
18-296,"Chicken, wing quarter, raw, meat and skin, weighed with bone",MCA,127,13.4,8.2,2.3,0.0,0.0,0.0,0.1
18-339,"Chicken, wing quarter, roasted, meat and skin",MCA,226,24.8,14.1,3.9,0.0,0.0,0.0,0.25
18-340,"Chicken, wing quarter, roasted, meat and skin, weighed with bone",MCA,120,13.1,7.5,2.1,0.0,0.0,0.0,0.138
19-469,"Chicken/turkey pasties/slices, puff pastry",MI,289,8.1,18.5,9.17,23.9,1.2,2.9,0.9
18-503,"Chicken/turkey pieces, coated, baked",MCA,256,14.4,13.9,2.11,19.6,1.1,2.3,0.9
13-586,"Chicory, pale variety, boiled in unsalted water",DG,7,0.6,0.3,0.1,2.1,0.5,1.1,0.002
13-225,"Chicory, pale variety, raw",DG,11,0.5,0.6,0.2,2.8,0.7,0.9,0.002
19-478,"Chilli con carne, homemade",MR,120,9.2,7.5,2.9,4.4,2.9,1.1,0.252
19-208,"Chilli con carne, retail, reheated",MR,96,7.7,4.3,1.9,7.1,2.7,1.4,0.775
19-527,"Chilli con carne, retail, reheated, with rice",MR,116,5.8,2.7,1.17,18.1,1.6,0.8,0.47
13-873,Chilli powder,H,0,13.5,14.3,2.46,0.0,7.2,34.8,10.0
17-719,Chilli sauce,WC,40,1.3,0.8,0.0,7.3,6.9,2.2,3.125
15-719,"Chilli, bean and lentil, homemade",DR,92,5.3,2.5,0.23,13.2,3.5,0.0,0.102
15-720,"Chilli, Quorn, homemade",DR,83,5.3,3.6,0.39,6.9,3.5,2.6,0.252
15-640,"Chilli, vegetable, homemade",DR,49,2.5,0.8,0.14,8.6,3.8,2.6,0.318
13-813,Chinese 5 spice,H,0,9.5,8.7,0.0,0.0,0.0,0.0,0.158
16-011,"Chital, raw",JA,90,18.1,1.9,0.0,0.0,0.0,0.0,0.085
13-887,"Chives, fresh",H,27,3.3,0.7,0.15,1.9,1.9,2.5,0.008
15-721,"Cho cho fritters, fried in rapeseed oil, homemade",DR,192,4.7,12.4,2.14,16.6,2.9,0.7,0.122
13-228,"Cho cho, boiled in unsalted water",DG,14,0.5,0.1,0.0,2.9,2.5,0.9,0.01
13-227,"Cho cho, raw",DG,17,0.7,0.1,0.0,3.7,3.1,1.1,0.012
17-658,Chocolate covered bar with caramel and cereal,SEA,501,5.2,25.8,16.26,66.2,46.4,1.9,0.402
17-657,Chocolate covered caramel and biscuit fingers,SEA,495,5.0,23.6,13.52,70.0,45.4,2.5,0.478
11-812,Chocolate covered wafer biscuit,AM,509,5.5,28.6,17.5,61.1,45.1,2.7,0.225
17-687,Chocolate nut spread,SC,549,6.2,33.0,9.34,60.5,59.7,3.0,0.125
12-518,Chocolate nut sundae,BP,271,2.6,15.0,8.94,33.5,29.9,0.0,0.09
17-659,Chocolate spread,SC,575,3.3,37.7,8.13,59.4,59.4,2.0,0.145
17-650,"Chocolate, dark, with crème or mint fondant centres",SEA,431,3.7,16.3,9.8,71.9,62.9,4.7,0.015
17-690,"Chocolate, fancy and filled",SEA,447,4.9,21.3,11.3,62.9,60.0,1.3,0.22
17-648,"Chocolate, milk",SEA,519,7.3,31.1,18.71,56.0,56.0,2.3,0.222
17-491,"Chocolate, plain",SEA,510,5.0,28.0,16.8,63.5,62.6,2.5,0.015
17-091,"Chocolate, white",SEA,529,8.0,30.9,18.4,58.3,58.3,0.0,0.275
19-516,Chorizo,MI,395,24.0,32.2,12.0,2.4,1.1,1.0,3.5
11-1050,"Choux buns, homemade",AP,395,5.3,34.1,18.23,17.9,0.9,0.8,0.305
19-519,"Chow mein, beef, retail, reheated",MR,136,6.7,6.0,1.3,14.7,2.4,1.8,0.5
19-321,"Chow mein, chicken, takeaway",MR,147,8.5,7.2,1.17,12.7,0.3,1.5,1.165
19-614,"Chow mein, pork and chicken, homemade",MR,72,9.2,1.9,0.76,5.8,1.5,0.6,0.905
17-784,"Chutney, apple, homemade",WCG,190,0.8,0.2,0.0,49.2,48.4,0.7,0.028
17-343,"Chutney, mango, sweet",WE,189,0.7,0.1,0.0,48.3,45.7,0.0,3.25
17-345,"Chutney, tomato",WCG,128,1.2,0.2,0.0,31.0,28.1,1.4,1.025
17-785,"Chutney, tomato, homemade",WE,166,1.0,0.2,0.02,40.8,40.2,1.3,0.02
17-222,"Cider, dry",QC,36,0.0,0.0,0.0,2.6,2.6,0.0,0.018
17-223,"Cider, low alcohol",QC,17,0.0,0.0,0.0,3.6,3.6,0.0,0.008
17-822,"Cider, strong",QC,68,0.0,0.0,0.0,7.3,7.3,0.0,0.005
17-224,"Cider, sweet",QC,42,0.0,0.0,0.0,4.3,4.3,0.0,0.018
13-874,"Cinnamon, ground",H,0,4.0,1.2,0.35,0.0,2.2,53.1,0.025
14-326,"Citrus fruit, soft/easy peelers, flesh only",FA,41,0.7,0.2,0.04,9.6,9.6,1.5,0.002
14-348,"Citrus fruit, soft/easy peelers, flesh only, weighed with peel and pips",FA,32,0.5,0.2,0.03,7.5,7.5,1.2,0.002
13-816,"Cloves, dried",H,0,6.0,20.1,4.4,0.0,0.0,0.0,0.6
16-252,"Cockles, boiled",JM,53,12.0,0.6,0.2,0.0,0.0,0.0,1.225
15-722,"Coco fritters, fried in rapeseed oil, homemade",DR,322,4.7,22.5,0.0,26.1,0.9,1.9,0.532
17-002,Cocoa butter,OE,896,0.0,99.5,59.0,0.0,0.0,0.0,0.0
12-545,Cocoa powder,BH,312,18.5,21.7,12.8,11.5,0.0,12.1,0.0
12-563,"Cocoa powder, made up with semi-skimmed milk",BH,58,3.7,2.0,1.27,6.7,6.5,0.2,0.102
12-564,"Cocoa powder, made up with skimmed milk",BH,46,3.7,0.6,0.36,6.7,6.5,0.2,0.105
12-565,"Cocoa powder, made up with whole milk",BH,74,3.6,3.9,2.44,6.6,6.3,0.2,0.102
17-786,"Coconut ice, homemade",SEC,369,1.8,12.3,10.54,67.1,67.1,2.6,0.042
14-820,Coconut milk,GA,22,0.3,0.3,0.2,4.9,4.9,0.0,0.275
14-890,"Coconut milk, reduced fat, retail",GA,79,0.7,7.7,6.35,2.0,1.1,0.1,0.0
14-889,"Coconut milk, retail",GA,169,1.1,16.9,14.64,3.3,2.0,0.4,0.0
14-873,"Coconut, desiccated",GA,604,5.6,62.0,53.4,6.4,6.4,13.7,0.07
14-816,"Coconut, flesh only, fresh",GA,351,3.2,36.0,31.39,3.7,3.7,7.3,0.042
16-490,"Cod, dried, salted, boiled",JA,138,32.5,0.9,0.2,0.0,0.0,0.0,1.0
16-373,"Cod, flesh only, baked",JA,100,23.9,0.5,0.12,0.0,0.0,0.0,0.228
16-465,"Cod, flesh only, baked, weighed with bones and skin",JA,89,21.3,0.4,0.11,0.0,0.0,0.0,0.202
16-466,"Cod, flesh only, grilled",JA,106,24.6,0.8,0.23,0.0,0.0,0.0,0.32
16-374,"Cod, flesh only, microwaved",JA,98,23.5,0.4,0.08,0.0,0.0,0.0,0.27
16-015,"Cod, flesh only, poached in milk, butter and salt added",JA,94,20.9,1.1,0.3,0.0,0.0,0.0,0.275
16-016,"Cod, flesh only, poached in milk, butter and salt added, weighed with bones and skin",JA,81,18.2,1.0,0.3,0.0,0.0,0.0,0.24
16-372,"Cod, flesh only, raw",JA,75,17.5,0.6,0.16,0.0,0.0,0.0,0.228
16-491,"Cod, flesh only, salted and smoked, raw",JA,79,18.3,0.6,0.1,0.0,0.0,0.0,1.25
16-467,"Cod, flesh only, steamed",JA,98,22.8,0.8,0.21,0.0,0.0,0.0,0.318
16-468,"Cod, flesh only, steamed, weighed with bones and skin",JA,86,19.9,0.7,0.18,0.0,0.0,0.0,0.275
16-369,"Cod, in batter, baked",JA,229,12.3,11.8,1.71,19.7,2.0,1.5,1.06
16-427,"Cod, in batter, fried in dripping, takeaway",JA,240,16.8,14.7,8.21,10.7,1.0,0.5,0.438
16-426,"Cod, in batter, fried in rapeseed oil",JA,285,12.6,17.9,2.12,19.5,1.4,1.5,1.06
16-428,"Cod, in batter, fried in sunflower oil, takeaway",J,240,16.8,14.7,1.72,19.5,1.0,0.5,0.438
16-368,"Cod, in batter, fried, takeaway",JA,240,16.8,14.7,7.58,10.7,1.0,0.5,0.438
16-370,"Cod, in breadcrumbs, baked",JA,204,13.7,8.3,1.33,19.8,0.9,1.9,0.825
17-163,"Coffee and chicory essence, with water",PA,9,0.1,0.0,0.0,2.4,2.3,0.0,0.008
17-632,"Coffee, cappuccino, latte",P,27,2.0,0.8,0.52,3.2,2.4,0.0,0.062
17-833,"Coffee, infusion, average",PAC,2,0.2,0.0,0.0,0.3,0.3,0.0,0.0
17-157,"Coffee, infusion, average, with semi-skimmed milk",PAC,7,0.6,0.2,0.1,0.7,0.7,0.0,0.018
17-155,"Coffee, infusion, average, with single cream",PAC,14,0.4,1.2,0.7,0.3,0.3,0.0,0.008
17-156,"Coffee, infusion, average, with whole milk",PAC,7,0.5,0.4,0.3,0.5,0.5,0.0,0.015
17-153,"Coffee, infusion, strong",PAC,2,0.2,0.0,0.0,0.3,0.0,0.0,0.002
17-154,"Coffee, infusion, weak",PAC,2,0.2,0.0,0.0,0.3,0.0,0.0,0.0
17-159,"Coffee, instant, made up with water",PAC,0,0.0,0.0,0.0,0.0,0.0,0.0,0.0
17-161,"Coffee, instant, made up with water and semi-skimmed milk",PAC,7,0.6,0.2,0.1,0.7,0.7,0.0,0.02
17-160,"Coffee, instant, made up with water and whole milk",PAC,8,0.5,0.4,0.3,0.6,0.5,0.0,0.018
17-594,"Coffee, Irish",PAC,125,0.4,8.8,5.44,2.7,2.5,0.0,0.01
17-158,"Coffee, powder, instant",PAA,75,14.6,0.0,0.0,4.5,0.0,0.0,0.202
12-546,"Coffeemate, whitener powder",BAR,534,2.1,34.5,26.0,57.3,9.4,0.0,1.0
17-175,Cola,PCA,41,0.0,0.0,0.0,10.9,10.9,0.0,0.012
17-505,"Cola, diet",PCA,1,0.0,0.0,0.0,0.0,0.0,0.0,0.012
13-229,"Cole leaves, dried, boiled in unsalted water",DG,19,1.7,0.8,0.1,1.2,0.9,2.1,0.212
15-635,"Coleslaw, not low calorie, retail",DR,173,0.8,16.3,1.65,6.0,6.0,1.2,0.74
15-636,"Coleslaw, with reduced calorie dressing, retail",DR,110,0.9,9.1,0.73,6.5,6.5,1.6,0.492
16-429,"Coley, flesh only, baked",JA,111,24.4,1.5,0.27,0.0,0.0,0.0,0.23
16-430,"Coley, flesh only, grilled",JA,105,27.2,1.4,0.25,0.0,0.0,0.0,0.22
16-431,"Coley, flesh only, poached",JA,114,25.0,1.5,0.27,0.0,0.0,0.0,0.238
16-383,"Coley, flesh only, raw",JA,82,18.0,1.1,0.2,0.0,0.0,0.0,0.17
16-469,"Coley, flesh only, steamed",JA,105,23.0,1.4,0.25,0.0,0.0,0.0,0.218
16-501,"Coley, flesh only, steamed, weighed with bones and skin",JA,95,20.9,1.3,0.23,0.0,0.0,0.0,0.198
17-729,"Complan powder, original and sweet",PAA,438,15.6,14.7,6.5,64.8,42.8,0.0,0.475
17-730,"Complan powder, savoury",PAA,439,16.1,15.6,6.62,62.5,6.2,0.2,2.25
12-566,"Complan powder, savoury, made up with water",BH,97,3.6,3.5,1.47,13.9,1.4,0.1,0.5
12-568,"Complan powder, sweet, made up with semi-skimmed milk",BH,132,6.1,4.5,2.26,17.8,13.0,0.0,0.188
12-569,"Complan powder, sweet, made up with skimmed milk",BH,122,6.1,3.4,1.52,17.9,13.1,0.0,0.19
12-567,"Complan powder, sweet, made up with water",BH,98,3.5,3.3,1.46,14.6,9.6,0.0,0.108
12-570,"Complan powder, sweet, made up with whole milk",BH,145,6.1,6.0,3.21,17.7,12.9,0.0,0.185
15-723,"Coo-coo, homemade",DR,99,2.4,1.8,0.64,17.7,0.0,0.7,0.022
12-501,"Cooking fat, compound, not polyunsaturated",BTM,900,0.0,100.0,42.3,0.0,0.0,0.0,0.0
19-486,"Coq au vin, homemade",MR,188,11.0,11.0,4.19,3.3,0.4,0.2,0.385
19-571,"Coq au vin, homemade, weighed with bone",MR,150,9.0,9.0,3.42,2.7,0.3,0.2,0.385
13-818,"Coriander leaves, dried",H,279,21.8,4.8,0.0,41.7,0.0,0.0,0.525
13-888,"Coriander leaves, fresh",H,18,2.1,0.5,0.0,1.2,0.9,2.8,0.115
13-875,Coriander seeds,H,0,12.4,17.8,0.99,0.0,0.0,41.9,0.088
15-724,"Corn fritters, fried in rapeseed oil, homemade",DR,287,5.8,15.2,2.65,32.9,4.9,2.5,0.36
15-725,"Corn pudding, homemade",DR,78,4.7,2.9,0.98,8.9,5.9,1.6,0.108
17-645,Corn snacks,SN,526,6.0,30.4,2.76,60.8,5.5,1.3,2.272
19-572,"Corned beef hash, homemade",MR,141,10.5,5.9,3.26,12.3,1.9,1.3,0.802
19-128,"Corned beef, canned",MI,205,25.9,10.9,5.7,1.0,1.0,0.0,2.15
12-507,Cornetto type ice cream cone,BP,292,3.5,14.4,11.04,39.6,27.9,1.2,0.225
19-573,"Cornish pasty, homemade",MR,287,6.7,19.2,7.07,27.8,2.3,2.5,0.328
19-466,"Cornish pasty, retail",MR,278,7.0,17.8,8.53,24.0,2.1,2.9,1.175
11-011,"Cornmeal, sifted",AA,368,9.4,3.3,0.0,73.1,0.0,2.2,0.0
19-477,"Coronation chicken, homemade",MR,362,16.6,31.4,3.25,3.5,3.4,0.2,0.305
19-574,"Coronation chicken, reduced fat, homemade",MR,216,16.6,14.8,2.0,4.2,2.9,0.2,0.0
13-628,"Courgette, boiled in unsalted water",DG,15,1.3,0.3,0.08,1.8,1.7,0.8,0.0
13-668,"Courgette, dried",DI,280,23.3,3.6,0.9,41.2,39.4,9.0,0.0
13-414,"Courgette, fried in butter",DG,63,2.6,4.8,3.1,2.6,2.5,1.2,0.002
13-232,"Courgette, fried in corn oil",DG,63,2.6,4.8,0.6,2.6,2.5,1.2,0.002
13-587,"Courgette, fried in rapeseed oil",DG,63,2.6,4.8,0.39,2.6,2.5,1.2,0.002
13-627,"Courgette, raw",DG,16,1.3,0.2,0.05,2.3,2.2,0.5,0.0
13-629,"Courgette, roasted in rapeseed oil",DG,39,2.0,1.9,0.16,3.55,3.4,0.77,0.0
15-726,"Courgettes with eggs, homemade",DR,112,3.9,9.7,1.66,2.2,2.0,0.9,0.07
11-902,"Couscous, plain, cooked",AT,178,7.2,1.0,0.18,37.5,1.0,2.2,0.01
11-901,"Couscous, plain, raw",AT,364,12.0,2.1,0.3,79.2,2.3,3.7,0.01
16-391,"Crab, brown meat, purchased cooked",JK,145,18.8,7.8,1.26,0.0,0.0,0.0,0.878
16-452,"Crab, canned in brine, drained",JK,77,18.1,0.5,0.1,0.0,0.0,0.0,1.375
16-441,"Crab, purchased cooked",JK,115,19.7,4.1,0.65,0.0,0.0,0.0,0.842
16-470,"Crab, white and brown meat, purchased cooked, weighed with shell",JK,51,8.6,1.8,0.29,0.0,0.0,0.0,0.37
16-392,"Crab, white meat, purchased cooked",JK,85,20.5,0.3,0.04,0.0,0.0,0.0,0.805
11-1134,"Crackers, wholemeal, homemade",AM,421,9.8,10.5,3.38,76.7,0.8,5.4,0.402
14-073,Cranberries,FA,15,0.4,0.1,0.0,3.4,3.4,3.0,0.005
17-744,Cranberry fruit juice drink,PE,45,0.0,0.0,0.0,12.1,12.1,0.0,0.0
16-235,"Crayfish, raw",JK,67,14.9,0.8,0.1,0.0,0.0,0.0,0.375
11-820,Cream crackers,AM,445,8.9,16.4,7.38,69.7,1.5,3.9,0.96
17-358,Cream of tartar,WY,239,0.0,0.0,0.0,0.0,0.0,0.0,0.0
12-342,"Cream substitute, double",BJS,345,2.6,35.7,24.34,3.6,3.6,0.2,0.118
12-544,"Cream substitute, single",BJS,158,3.1,14.5,9.19,4.0,4.0,0.0,0.152
12-337,"Cream, dairy, extra thick (24% fat)",BJC,236,2.9,23.5,15.25,3.4,3.4,0.0,0.072
12-338,"Cream, dairy, UHT, canned spray, 85% cream",BJP,252,1.9,24.2,15.2,7.2,7.2,0.0,0.078
12-339,"Cream, dairy, UHT, half fat, canned spray",BJP,196,2.8,17.3,10.87,7.6,7.4,0.0,0.088
12-592,"Cream, fresh, clotted",BJC,586,1.6,63.5,39.7,2.3,2.3,0.0,0.045
12-334,"Cream, fresh, double, including Jersey cream",BJC,496,1.6,53.7,33.39,1.7,1.7,0.0,0.055
12-332,"Cream, fresh, single",BJC,193,3.3,19.1,12.15,2.2,2.2,0.0,0.072
12-333,"Cream, fresh, whipping",BJC,381,2.0,40.3,25.23,2.7,2.7,0.0,0.062
12-112,"Cream, half, fresh",BJC,148,3.0,13.3,8.3,4.3,4.3,0.0,0.122
12-571,"Crème caramel, homemade",BR,157,5.1,3.3,1.23,28.7,28.7,0.0,0.16
12-397,"Creme caramel, retail",BR,104,3.0,1.6,0.89,20.6,18.0,0.0,0.175
17-763,Creme egg,SEA,425,4.0,15.9,9.7,71.0,58.0,0.5,0.158
12-335,"Creme fraiche, full fat",BJC,378,2.2,40.0,27.1,2.4,2.1,0.0,0.055
12-336,"Creme fraiche, half fat",BJC,162,2.7,15.0,10.16,4.4,3.0,0.0,0.09
11-822,"Crispbread, rye",AM,284,8.6,1.4,0.16,63.4,3.4,20.0,0.66
11-988,Croissants,AG,373,8.3,19.7,9.76,43.3,5.3,3.1,0.825
11-1055,"Crumble, apple, homemade",AS,201,1.7,6.4,2.09,35.0,23.4,0.8,0.16
11-1056,"Crumble, fruit, homemade",AS,195,2.0,6.4,2.1,34.5,21.1,1.7,0.162
11-1020,"Crumble, fruit, retail",AS,219,2.4,8.3,3.97,36.0,21.8,2.3,0.205
11-994,"Crumble, fruit, wholemeal, homemade",AS,198,2.5,7.3,4.37,32.7,21.3,2.6,0.158
15-729,"Crumble, vegetable, with tinned tomatoes, homemade",DR,174,3.1,9.6,2.31,20.1,4.9,1.8,0.172
15-730,"Crumble, vegetable, with tinned tomatoes, wholemeal, homemade",DR,170,3.6,9.7,2.28,18.1,5.0,2.8,0.172
15-727,"Crumble, vegetable, with white sauce, homemade",DR,165,4.9,7.9,2.7,19.6,4.0,1.9,0.205
15-728,"Crumble, vegetable, with white sauce, wholemeal, homemade",DR,171,5.4,7.9,2.66,20.8,4.6,2.4,0.37
11-1057,"Crumble, with pie filling, homemade",AS,207,1.9,6.6,0.0,37.2,19.4,0.7,0.24
11-989,"Crumpets, toasted",AP,207,6.9,1.0,0.1,45.4,3.1,3.1,2.572
13-523,"Cucumber, raw, flesh and skin",DG,14,1.0,0.6,0.0,1.2,1.2,0.7,0.01
13-889,Cumin seeds,H,0,17.8,22.3,1.54,0.0,2.3,10.5,0.42
13-649,"Curly kale, boiled in unsalted water",DG,26,2.7,1.3,0.24,1.0,0.9,3.5,0.015
13-234,"Curly kale, raw",DG,33,3.4,1.6,0.2,1.4,1.3,3.1,0.108
11-1009,"Currant buns, retail",AF,280,8.0,5.6,1.86,52.6,16.0,2.9,0.575
11-948,"Currant buns, toasted",AP,311,8.9,6.2,2.07,58.4,17.8,3.2,0.65
14-074,Currants,FA,267,2.3,0.4,0.0,67.8,67.8,1.9,0.035
13-821,"Curry leaves, fresh",H,97,7.9,1.3,0.0,13.3,0.0,0.0,0.0
17-720,Curry paste,WC,253,4.7,21.3,0.0,11.3,7.0,6.8,3.8
13-876,Curry powder,H,233,9.5,10.8,0.0,26.1,0.0,23.0,1.125
13-823,"Curry powder, mixed flavours",H,316,13.0,13.9,0.0,34.7,0.0,0.0,1.0
15-731,"Curry, almond, homemade",DR,328,5.7,33.4,14.15,3.3,1.1,1.9,0.128
19-547,"Curry, beef and spinach, homemade",MR,94,11.4,4.4,1.28,3.6,2.8,0.8,0.09
19-549,"Curry, beef, homemade",MR,209,17.7,15.4,2.61,1.2,0.6,0.1,0.142
19-472,"Curry, beef, reduced fat, homemade",MR,139,18.8,7.1,2.26,1.3,0.7,1.0,0.16
19-488,"Curry, beef, retail, reheated",MR,137,13.5,6.6,3.1,6.3,4.5,2.4,0.475
19-529,"Curry, beef, retail, reheated, with rice",MR,147,9.5,4.6,1.9,18.2,2.6,1.8,0.432
15-627,"Curry, bhindi subji, homemade",DR,71,2.9,4.6,0.4,4.9,4.4,7.2,1.092
15-735,"Curry, black gram, whole and red kidney bean, homemade",DR,94,4.5,5.0,0.36,8.4,1.2,0.0,0.065
15-736,"Curry, black gram, whole, Bengali, homemade",DR,76,4.4,2.8,1.62,8.5,1.6,0.0,0.082
15-737,"Curry, black gram, whole, Gujerati, homemade",DR,154,8.4,6.7,3.96,15.3,2.5,0.0,0.178
15-738,"Curry, black-eye bean, homemade",DR,139,8.1,4.4,0.44,18.4,1.0,2.8,0.058
15-095,"Curry, black-eye bean, Punjabi, homemade",DR,111,6.0,4.0,2.5,13.7,1.1,2.4,0.0
15-739,"Curry, Bombay potato, homemade",DR,118,1.8,6.7,0.48,13.8,1.2,1.9,0.04
15-740,"Curry, cabbage, masala, homemade",DR,83,1.7,4.9,0.33,8.1,6.4,3.2,0.062
15-741,"Curry, cauliflower and potato, homemade",DR,60,2.6,2.0,0.19,6.7,2.7,2.1,0.032
15-742,"Curry, chick pea dahl and spinach, with butter, homemade",DR,182,6.4,12.0,6.69,12.9,0.9,0.0,0.338
15-743,"Curry, chick pea dahl and spinach, with vegetable oil, homemade",DR,201,6.3,14.2,0.98,12.8,0.9,0.0,0.11
15-641,"Curry, chick pea dhal, homemade",DR,152,7.9,6.1,0.68,17.8,1.9,0.0,0.08
15-748,"Curry, chick pea, UK type, homemade",DR,109,5.9,3.5,0.28,14.3,2.7,3.3,0.03
15-745,"Curry, chick pea, whole and potato, homemade",DR,119,5.9,5.4,0.72,12.6,2.1,2.4,0.042
15-746,"Curry, chick pea, whole and tomato, Gujerati, with butter ghee, homemade",DR,237,7.7,14.4,7.63,20.1,3.8,4.2,0.038
15-747,"Curry, chick pea, whole and tomato, Gujerati, with vegetable oil, homemade",DR,238,7.7,14.7,1.03,20.1,3.8,4.2,0.038
15-107,"Curry, chick pea, whole and tomato, Punjabi, with butter, homemade",DR,107,5.6,4.3,2.0,12.4,1.1,2.9,0.0
15-108,"Curry, chick pea, whole and tomato, Punjabi, with vegetable oil, homemade",DR,112,5.6,4.9,0.5,12.4,1.1,2.9,0.0
15-744,"Curry, chick pea, whole, Gujerati type, homemade",DR,183,9.7,7.6,0.59,21.8,1.2,4.7,0.108
19-449,"Curry, chicken balti, retail",MR,105,10.5,5.0,0.89,4.8,3.5,2.0,0.645
19-565,"Curry, chicken korma, homemade",MR,127,14.6,5.1,1.15,4.6,2.8,0.7,0.17
19-540,"Curry, chicken tandoori, retail, reheated",MR,214,27.4,10.8,3.3,2.0,1.0,0.8,0.0
19-296,"Curry, chicken tikka masala, retail, reheated",MIG,156,12.4,9.8,3.3,4.9,3.6,1.4,0.55
19-567,"Curry, chicken vindaloo, homemade",MR,192,18.5,12.5,1.19,2.6,1.7,0.7,0.162
19-568,"Curry, chicken vindaloo, reduced fat, homemade",MR,121,19.6,4.1,0.42,2.7,1.8,0.3,0.17
19-520,"Curry, chicken, average, retail, reheated",MR,149,12.1,8.9,4.0,5.4,4.4,1.5,0.6
19-528,"Curry, chicken, average, retail, reheated with rice",MR,154,8.5,5.8,2.34,18.2,2.4,1.3,0.5
19-322,"Curry, chicken, average, takeaway",MR,145,11.7,9.8,2.87,2.5,1.2,2.2,0.89
19-534,"Curry, chicken, made with cook-in sauce",MR,144,18.6,5.4,1.0,5.5,3.9,1.5,0.615
19-465,"Curry, chicken, Thai green, takeaway and restaurant",MR,119,8.8,8.7,5.29,1.5,0.5,2.6,1.375
15-749,"Curry, courgette and potato, homemade",DR,96,1.8,5.9,0.35,9.6,1.8,1.2,0.005
15-774,"Curry, dudhi, kofta, homemade",DR,111,2.6,6.9,1.87,9.3,0.0,0.0,0.01
15-750,"Curry, egg and potato, homemade",DR,138,7.5,9.3,1.58,6.5,1.5,1.1,0.208
15-752,"Curry, egg, in sweet sauce, UK type, homemade",DR,112,6.3,7.3,1.9,5.9,3.4,0.8,0.168
15-753,"Curry, egg, with butter, homemade",DR,135,5.4,10.6,5.56,4.7,3.4,1.4,0.325
15-754,"Curry, egg, with rapeseed oil, homemade",DR,149,5.3,12.2,1.46,4.7,3.3,1.4,0.162
16-462,"Curry, fish and vegetable, Bangladeshi, homemade",J,118,9.1,8.7,0.0,1.4,1.1,0.5,0.0
16-446,"Curry, fish, Bangladeshi, homemade",JR,125,12.4,8.0,0.78,1.5,1.2,0.8,0.0
16-364,"Curry, fish, homemade",JR,139,11.3,9.6,1.72,1.9,1.9,2.1,1.075
15-755,"Curry, green bean, masala, homemade",DR,130,1.7,12.5,0.87,4.4,2.6,3.1,0.035
16-455,"Curry, haddock, Bengali, homemade",JR,263,11.4,22.0,13.78,4.2,3.2,1.1,0.6
16-456,"Curry, herring, Bengali, homemade",JR,327,11.4,29.6,15.89,4.2,3.2,1.1,0.678
15-756,"Curry, karela, homemade",DR,111,1.6,9.7,1.38,4.6,3.3,1.2,0.005
19-591,"Curry, lamb biryani, homemade",MR,195,7.1,9.2,1.79,20.9,2.0,0.6,0.052
19-592,"Curry, lamb biryani, reduced fat, homemade",MR,150,7.4,3.7,1.28,21.9,2.0,0.6,0.05
19-595,"Curry, lamb rogan josh, homemade",MR,149,14.4,9.1,3.58,3.9,3.0,1.8,0.11
19-599,"Curry, lamb vindaloo, homemade",MR,199,19.8,12.9,5.06,2.7,1.8,0.9,0.148
19-535,"Curry, lamb, made with cook-in sauce",MR,242,15.5,17.7,7.13,5.5,3.9,1.5,0.578
15-757,"Curry, lentil, red/masoor dahl and mung bean dahl, homemade",DR,116,4.8,6.7,0.48,10.1,0.9,0.0,0.045
15-758,"Curry, lentil, red/masoor dahl and tomato, Punjabi, homemade",DR,93,3.2,5.5,2.41,8.5,2.4,1.3,0.045
15-759,"Curry, lentil, red/masoor dahl and tomato, with butter, homemade",DR,104,4.3,5.3,3.18,10.6,1.1,1.0,0.142
15-760,"Curry, lentil, red/masoor dahl and tomato, with vegetable oil, homemade",DR,113,4.3,6.3,0.45,10.6,1.1,1.0,0.032
15-761,"Curry, lentil, red/masoor dahl and vegetable, UK type, homemade",DR,112,5.7,3.8,0.3,14.8,2.4,1.8,0.03
15-125,"Curry, lentil, red/masoor dahl, mung bean dahl and tomato, homemade",DR,92,4.4,4.3,0.5,9.7,0.8,1.6,0.0
15-762,"Curry, lentil, red/masoor dahl, Punjabi, homemade",DR,141,7.2,4.6,0.35,19.3,3.9,2.0,0.138
15-763,"Curry, lentil, red/masoor dahl, with butter, homemade",DR,161,7.6,6.6,3.93,19.3,2.2,1.9,0.185
15-764,"Curry, lentil, red/masoor dahl, with vegetable oil, homemade",DR,173,7.6,7.9,0.57,19.2,2.2,1.9,0.05
15-765,"Curry, lentil, whole/masoor, Gujerati, homemade",DR,137,6.5,5.3,3.63,17.0,3.1,1.6,0.14
15-766,"Curry, lentil, whole/masoor, Punjabi, homemade",DR,148,5.7,8.3,0.58,13.9,1.4,1.3,0.065
15-767,"Curry, mung bean dahl and spinach, homemade",DR,102,7.8,2.9,0.3,12.3,3.0,0.0,0.382
15-132,"Curry, mung bean dahl and tomato, homemade",DR,95,5.6,3.6,0.4,11.2,0.8,2.6,0.0
15-768,"Curry, mung bean dahl, Bengali, homemade",DR,74,4.2,3.4,2.03,7.4,0.5,0.0,0.108
15-769,"Curry, mung bean, whole and turnip leaves, homemade",DR,169,4.4,14.4,7.49,6.2,0.3,0.0,0.248
15-771,"Curry, mung bean, whole, Gujerati, homemade",DR,126,6.0,5.9,0.45,13.2,2.5,2.7,0.015
15-490,"Curry, mung bean, whole, Punjabi, homemade",DR,74,4.2,2.8,1.64,8.8,1.0,1.9,0.578
15-776,"Curry, pea and potato, homemade",DR,147,2.5,11.0,0.8,10.2,2.7,2.8,0.065
15-777,"Curry, pigeon pea dahl and tomato, homemade",DR,56,2.3,2.2,0.18,7.3,1.5,1.1,0.025
15-778,"Curry, pigeon pea dahl with tomatoes and peanuts, homemade",DR,121,6.9,3.3,0.48,16.9,1.0,3.0,0.028
15-779,"Curry, pigeon pea dahl, with butter, homemade",DR,108,4.6,4.7,2.66,13.5,2.1,2.1,0.145
15-780,"Curry, pigeon pea dahl, with vegetable oil, homemade",DR,116,4.6,5.5,0.42,13.5,2.1,2.1,0.055
15-781,"Curry, potato and pea, homemade",DR,92,2.7,3.7,0.28,13.0,3.7,3.1,0.075
15-782,"Curry, potato, Gujerati, homemade",DR,94,1.5,5.4,0.38,11.8,2.1,1.4,0.055
15-783,"Curry, potato, Punjabi, homemade",DR,94,1.8,4.0,2.45,13.8,2.4,2.0,0.122
16-457,"Curry, prawn and mushroom, homemade",J,164,5.7,14.3,1.01,2.7,1.7,1.1,0.182
16-365,"Curry, Prawn bhuna, takeaway",JR,120,8.6,8.7,1.4,1.8,1.2,2.5,0.802
16-366,"Curry, Prawn madras, takeaway",JR,115,7.8,8.3,1.4,2.5,1.2,2.4,0.752
16-333,"Curry, prawn, takeaway",JR,118,8.2,8.5,1.4,2.3,1.4,2.5,0.778
15-784,"Curry, red kidney and mung bean, whole, homemade",DR,153,3.9,12.1,3.04,7.6,0.4,2.1,0.092
15-785,"Curry, red kidney bean, Gujerati, homemade",DR,107,4.0,6.1,0.43,9.7,2.3,2.8,0.01
15-146,"Curry, red kidney bean, Punjabi, homemade",DR,106,4.7,5.6,0.6,10.1,1.2,3.8,0.0
15-787,"Curry, spinach and potato, masala, homemade",DR,110,2.2,8.2,0.57,7.4,4.9,1.7,0.088
15-634,"Curry, Thai, stir-fry vegetable, takeaway and restaurant",DR,101,3.8,8.2,3.97,3.3,1.6,3.1,1.425
15-788,"Curry, tinda gourd and potato, homemade",DR,74,1.6,3.9,0.56,8.5,3.5,0.0,0.108
15-789,"Curry, vegetable, frozen mixed vegetables, homemade",DR,90,2.5,6.1,0.4,7.2,2.9,0.0,0.062
15-790,"Curry, vegetable, in sweet sauce, UK type, homemade",DR,51,1.3,2.1,0.51,7.3,3.9,1.3,0.022
15-791,"Curry, vegetable, Islami, homemade",DR,81,2.2,4.6,0.31,8.4,4.0,1.8,0.068
15-792,"Curry, vegetable, Pakistani, homemade",DR,64,2.3,2.6,0.9,9.2,3.9,2.2,0.058
15-619,"Curry, vegetable, ready meal, without rice, cooked",DR,94,2.1,6.0,1.89,8.4,3.4,1.8,0.5
15-892,"Curry, vegetable, retail, with rice",DR,125,3.0,4.1,1.16,20.2,1.9,1.5,0.442
15-793,"Curry, vegetable, West Indian, homemade",DR,60,2.4,4.0,0.37,4.1,2.1,3.1,0.135
15-794,"Curry, vegetable, with yogurt, UK type, homemade",DR,64,2.2,4.0,0.39,4.7,4.0,0.0,0.038
14-075,"Custard apple/Bullock's heart, flesh only",FA,70,1.5,0.4,0.0,16.1,14.9,0.0,0.012
11-1138,Custard powder,AA,354,0.6,0.7,0.1,92.0,0.0,0.1,0.945
12-572,"Custard, confectioners'",BR,153,6.6,3.8,1.52,24.8,19.0,0.3,0.185
12-573,"Custard, egg",BR,95,5.9,3.4,1.57,10.9,10.9,0.0,0.182
12-519,"Custard, made up with semi-skimmed milk",BR,95,4.0,2.0,1.24,16.4,11.2,0.0,0.168
12-574,"Custard, made up with skimmed milk",BR,81,4.0,0.3,0.16,16.5,11.3,0.0,0.172
12-575,"Custard, made up with whole milk",BR,114,4.0,4.2,2.64,16.3,11.1,0.0,0.168
12-543,"Custard, ready to eat, canned and tetra-pak",BR,98,2.7,2.9,1.89,16.3,12.8,0.0,0.102
16-254,"Cuttlefish, raw",JM,71,16.1,0.7,0.2,0.0,0.0,0.0,0.925
16-038,"Dab, raw",JA,74,15.7,1.2,0.0,0.0,0.0,0.0,0.192
13-484,"Dahl, mixed, homemade",DB,60,4.9,0.7,0.08,9.1,0.5,3.1,0.592
15-511,"Dal Dhokari, homemade",DR,123,5.6,3.3,0.51,19.2,1.2,0.0,0.855
14-077,"Damsons, flesh and skin, raw",FA,38,0.5,0.0,0.0,9.6,9.6,1.8,0.005
14-078,"Damsons, flesh and skin, raw, weighed with stones",FA,34,0.5,0.0,0.0,8.6,8.6,1.6,0.005
14-079,"Damsons, stewed with sugar",FA,74,0.4,0.0,0.0,19.3,19.3,1.5,0.002
14-080,"Damsons, stewed with sugar, weighed with stones",FA,68,0.4,0.0,0.0,17.6,17.6,1.4,0.002
14-081,"Damsons, stewed without sugar",FA,34,0.5,0.0,0.0,8.7,8.7,1.6,0.002
14-082,"Damsons, stewed without sugar, weighed with stones",FA,31,0.4,0.0,0.0,7.9,7.9,1.5,0.002
14-394,"Dates, dried, flesh and skin",FA,235,2.4,0.6,0.3,58.7,58.0,7.5,0.028
14-399,"Dates, dried, flesh and skin, weighed with stones",FA,197,2.0,0.5,0.25,49.3,48.7,6.3,0.022
14-083,"Dates, raw, flesh and skin",FA,124,1.5,0.1,0.0,31.3,31.3,1.8,0.018
14-084,"Dates, raw, flesh and skin, weighed with stones",FA,107,1.3,0.1,0.0,26.9,26.9,1.5,0.015
12-398,"Desserts, dairy, chocolate",BR,214,4.3,10.7,6.26,26.7,24.0,0.0,0.185
19-576,"Devilled kidneys, homemade",MR,129,13.7,7.7,3.09,1.4,1.5,0.3,0.472
13-826,Dill seeds,H,0,16.0,14.5,0.7,0.0,0.0,0.0,0.05
13-825,"Dill, dried",H,253,19.9,4.4,0.0,42.2,37.6,13.6,0.525
13-824,"Dill, fresh",H,25,3.7,0.8,0.0,0.9,0.8,2.5,0.065
17-299,"Dips, sour-cream based, assorted flavours",WCG,360,2.9,37.0,0.0,4.0,2.0,0.0,0.825
17-677,"Dips, sour-cream based, reduced fat",WCG,180,3.9,15.2,4.4,7.3,3.4,0.1,0.375
19-526,Doner kebab in pitta bread with salad,MR,248,14.1,16.0,7.54,12.5,1.1,0.9,0.0
19-539,"Doner kebabs, meat only",MR,377,23.5,31.4,14.98,0.0,0.0,0.0,0.0
15-513,"Dosa, filling, vegetable, homemade",DR,97,1.8,6.3,0.74,10.2,4.1,1.5,1.115
11-850,"Doughnuts, ring, iced",AP,413,5.8,25.7,14.14,42.3,16.2,2.7,0.815
11-849,"Doughnuts, with jam",AP,321,5.4,13.1,4.96,48.4,20.3,1.7,1.01
16-039,"Dover sole, raw",JA,89,18.1,1.8,0.0,0.0,0.0,0.0,0.25
17-715,"Dressing, blue cheese",WCG,368,2.0,35.9,6.59,9.8,7.7,1.3,2.1
17-701,"Dressing, French",WCG,335,0.3,32.2,0.0,11.7,6.7,0.5,1.5
17-716,"Dressing, French, fat free",WCG,33,0.1,0.0,0.0,8.7,8.6,0.5,2.975
17-787,"Dressing, French, homemade",WC,680,0.1,74.9,10.73,0.2,0.2,0.0,0.002
17-788,"Dressing, oil and lemon, homemade",WC,652,0.1,72.4,4.79,3.4,3.4,0.1,0.0
17-717,"Dressing, thousand island",WCG,210,0.7,16.4,2.04,15.9,13.4,0.4,1.175
17-789,"Dressing, yogurt, homemade",WC,72,5.3,2.7,1.73,7.1,7.0,0.1,0.182
14-087,Dried mixed fruit,FA,268,2.3,0.4,0.0,68.1,68.1,2.2,0.12
17-790,"Drinking chocolate powder, made up with semi-skimmed milk",PAA,74,3.7,2.0,1.26,10.9,10.7,0.0,0.145
17-791,"Drinking chocolate powder, made up with skimmed milk",PAA,62,3.7,0.7,0.4,10.9,10.8,0.0,0.148
17-792,"Drinking chocolate powder, made up with whole milk",PAA,89,3.6,3.8,2.38,10.8,10.6,0.0,0.142
17-498,"Drinking chocolate, powder",PAA,377,6.4,5.8,3.41,79.7,77.7,0.0,0.57
17-499,"Drinking chocolate, powder, reduced fat",PAA,354,6.4,2.3,1.35,82.1,82.1,0.0,0.57
17-487,"Dripping, beef",OF,891,0.0,99.0,50.62,0.0,0.0,0.0,0.012
13-237,"Drumstick leaves, boiled in unsalted water",DG,70,6.6,1.0,0.0,11.2,0.0,0.0,0.022
13-236,"Drumstick leaves, raw",DG,72,7.4,1.5,0.0,9.2,0.0,0.0,0.01
13-239,"Drumstick pods, boiled in unsalted water",DG,36,2.1,0.2,0.0,6.1,0.0,0.0,0.108
13-238,"Drumstick pods, raw",DG,37,2.1,0.2,0.0,7.2,0.0,0.0,0.105
19-578,"Duck a l'orange, excluding fat and skin, homemade",MR,122,11.2,6.5,2.62,4.0,1.0,0.0,0.642
19-579,"Duck a l'orange, including fat and skin, homemade",MR,236,9.8,20.0,6.54,3.7,0.9,0.0,0.6
19-580,"Duck with pineapple, homemade",MR,313,13.8,25.5,7.62,6.7,4.9,0.3,0.66
18-490,"Duck, crispy, chinese style, meat and skin",MCC,331,27.9,24.2,7.2,0.3,0.0,0.0,1.132
18-489,"Duck, meat only, raw",MCC,137,19.7,6.5,2.0,0.0,0.0,0.0,0.275
18-495,"Duck, raw, meat only, weighed with fat, skin and bone",MCC,38,5.5,1.8,0.6,0.0,0.0,0.0,0.078
18-371,"Duck, raw, meat, fat and skin",MCC,388,13.1,37.3,10.7,0.0,0.0,0.0,0.182
18-372,"Duck, roasted, meat only",MCC,195,25.3,10.4,3.3,0.0,0.0,0.0,0.24
18-373,"Duck, roasted, meat only, weighed with fat, skin and bone",MCC,41,5.3,2.2,0.7,0.0,0.0,0.0,0.05
18-374,"Duck, roasted, meat, fat and skin",MCC,423,20.0,38.1,11.4,0.0,0.0,0.0,0.218
11-962,"Dumplings, homemade",AT,211,2.7,11.7,6.63,25.4,0.2,1.2,0.345
14-088,"Durian, flesh only",FA,136,2.4,1.4,0.0,28.4,23.2,0.0,0.002
11-838,"Eccles cakes, retail",AN,365,4.4,18.3,9.4,48.8,34.0,3.6,0.552
16-036,"Eel, conger, flesh only, grilled",JA,137,21.7,5.5,0.0,0.0,0.0,0.0,0.15
16-037,"Eel, conger, flesh only, grilled, weighed with bones and skin",JA,71,11.3,2.9,0.0,0.0,0.0,0.0,0.078
16-035,"Eel, conger, flesh only, raw",JA,114,18.1,4.6,0.0,0.0,0.0,0.0,0.125
16-173,"Eel, yellow, raw",JC,168,16.6,11.3,2.9,0.0,0.0,0.0,0.222
12-950,Egg fu yung,CDE,229,10.2,19.3,2.47,2.5,1.9,1.2,0.628
17-793,"Egg nog, homemade",QI,98,4.0,2.3,1.08,9.6,9.6,0.0,0.125
12-945,"Eggs, chicken, scrambled, with semi-skimmed milk",CD,237,11.0,21.2,10.82,0.7,0.7,0.1,0.632
12-941,"Eggs, chicken, white, boiled",CA,52,13.0,0.0,0.0,0.0,0.0,0.0,0.378
12-960,"Eggs, chicken, white, dried",CA,327,81.7,0.0,0.0,0.0,0.0,0.0,3.498
12-938,"Eggs, chicken, white, raw",CA,43,10.8,0.0,0.0,0.0,0.0,0.0,0.462
12-940,"Eggs, chicken, whole, boiled",CA,143,14.1,9.6,2.7,0.0,0.0,0.0,0.375
12-961,"Eggs, chicken, whole, dried",CA,507,48.6,34.7,9.73,0.0,0.0,0.0,1.482
12-944,"Eggs, chicken, whole, fried in sunflower oil",CA,200,14.7,15.7,3.35,0.0,0.0,0.0,0.43
12-962,"Eggs, chicken, whole, fried, without fat",CA,167,16.0,11.4,3.2,0.0,0.0,0.0,0.488
12-943,"Eggs, chicken, whole, poached",CA,149,13.3,10.6,3.0,0.0,0.0,0.0,0.302
12-937,"Eggs, chicken, whole, raw",CA,131,12.6,9.0,2.52,0.0,0.0,0.0,0.385
12-963,"Eggs, chicken, whole, scrambled, without milk",CA,152,14.6,10.4,2.92,0.0,0.0,0.0,0.445
12-942,"Eggs, chicken, yolk, boiled",CA,360,16.7,32.6,9.21,0.0,0.0,0.0,0.13
12-939,"Eggs, chicken, yolk, raw",CA,347,16.4,31.3,8.81,0.0,0.0,0.0,0.13
12-814,"Eggs, duck, boiled and salted",CA,198,14.6,15.5,3.8,0.0,0.0,0.0,4.225
12-920,"Eggs, duck, whole, raw",CA,163,14.3,11.8,2.9,0.0,0.0,0.0,0.3
12-815,"Eggs, quail, whole, raw",CA,151,12.9,11.1,3.1,0.0,0.0,0.0,0.0
12-816,"Eggs, turkey, whole, raw",CA,165,13.7,12.2,3.7,0.0,0.0,0.0,0.0
14-089,"Elderberries, whole fruit",FA,35,0.7,0.5,0.0,7.4,7.4,0.0,0.002
19-586,"Enchiladas, beef, homemade",MR,153,9.6,8.2,3.49,11.1,2.7,0.5,0.485
13-240,"Endive, raw",DG,13,1.8,0.2,0.1,1.0,1.0,2.0,0.025
17-672,"Energy drink, carbonated",PCA,42,0.0,0.0,0.0,11.1,11.1,0.0,0.15
19-131,"Faggots in gravy, retail, reheated",MR,148,8.2,7.5,2.5,12.6,1.7,0.2,1.35
19-464,"Fajita, chicken, meat only, takeaway and restaurant",MR,125,16.8,6.3,2.12,0.3,0.0,0.8,0.835
15-795,"Falafel, fried in rapeseed oil, homemade",DR,183,6.4,11.2,0.74,15.9,2.7,3.5,0.168
12-497,"Fat spread, low fat (26-39%), not polyunsaturated, including dairy type",OA,354,0.2,39.0,9.76,0.7,0.4,0.0,1.73
12-498,"Fat spread, low fat (26-39%), not polyunsaturated, with olive oil",OA,353,0.1,38.9,8.9,0.5,0.5,0.0,1.22
12-499,"Fat spread, low fat (26-39%), polyunsaturated",OA,339,0.0,36.9,8.55,1.8,1.3,0.0,1.205
12-504,"Fat spread, reduced fat (41-62%), not polyunsaturated",OA,552,0.4,60.6,15.61,1.3,1.3,0.0,1.722
12-505,"Fat spread, reduced fat (41-62%), not polyunsaturated, with olive oil",OA,537,0.2,59.1,13.22,1.1,1.1,0.0,1.378
12-503,"Fat spread, reduced fat (41-62%), polyunsaturated",OA,533,0.0,59.2,13.21,0.0,0.0,0.0,1.5
12-506,"Fat spread, reduced fat (62-75%), not polyunsaturated",OA,660,0.3,73.2,24.35,0.0,0.0,0.0,1.868
17-710,"Fat spread, reduced fat (62-75%), polyunsaturated",OA,620,0.4,68.5,15.0,0.6,0.6,0.0,1.5
14-090,"Feijoa, flesh only",FA,47,0.9,0.5,0.0,10.3,10.0,0.0,0.008
13-827,Fennel seeds,H,0,15.8,14.9,0.5,0.0,0.0,0.0,0.22
13-542,"Fennel, Florence, boiled in unsalted water",DG,11,0.9,0.2,0.0,1.5,1.4,2.3,0.028
13-241,"Fennel, Florence, raw",DG,12,0.9,0.2,0.0,1.8,1.7,2.4,0.028
13-243,"Fenugreek leaves, raw",DG,35,4.6,0.2,0.0,4.8,0.0,0.0,0.19
13-828,Fenugreek seeds,H,0,23.8,7.4,1.1,0.0,0.0,0.0,0.108
11-805,Fig Rolls,AM,363,4.2,10.6,4.76,66.8,43.8,3.9,0.682
14-093,"Figs, dried, stewed with sugar",FA,143,1.9,0.8,0.0,34.3,34.3,3.9,0.08
14-094,"Figs, dried, stewed without sugar",FA,126,2.0,0.9,0.0,29.4,29.4,4.2,0.085
14-395,"Figs, ready-to-eat, semi-dried",FA,186,3.1,1.2,0.13,43.3,43.3,10.0,0.278
14-092,"Figs, whole fruit, dried",FA,227,3.6,1.6,0.0,52.9,52.9,7.5,0.155
14-091,"Figs, whole green fruit, raw",FA,43,1.3,0.3,0.1,9.5,9.5,1.5,0.008
16-279,"Fish balls, steamed",JR,74,11.8,0.5,0.0,5.5,0.0,0.0,1.875
16-444,"Fish fingers, cod, fried in rapeseed oil",JR,240,13.0,12.6,1.41,19.9,1.3,1.8,0.718
16-445,"Fish fingers, cod, fried in sunflower oil",JR,240,13.0,12.6,1.6,19.9,1.3,1.8,0.718
16-405,"Fish fingers, cod, grilled/baked",JR,223,14.3,9.2,1.19,22.0,1.5,2.0,0.792
16-371,"Fish fingers, pollock, grilled",JR,213,13.9,9.2,1.23,20.0,1.3,2.0,1.002
16-406,"Fish fingers, salmon, grilled/baked",JR,247,17.2,11.2,1.07,20.7,1.1,2.0,0.72
16-450,Fish paste,JR,170,15.3,10.5,0.0,3.7,0.5,2.6,1.075
16-458,"Fishcakes, cod, homemade",JR,235,11.3,14.7,1.31,15.2,0.7,0.7,0.23
16-408,"Fishcakes, salmon, coated in breadcrumbs, baked",JR,245,11.4,13.7,2.0,20.4,1.6,1.7,0.805
16-459,"Fishcakes, salmon, homemade",JR,287,11.4,20.5,2.41,15.2,0.7,0.0,0.185
16-407,"Fishcakes, white fish, coated in breadcrumbs, baked",JA,206,9.3,9.4,1.0,22.6,1.8,1.7,0.89
11-1066,"Flan case, pastry, homemade",AS,527,7.0,30.9,10.12,58.9,11.9,2.3,0.71
11-1067,"Flan case, sponge, homemade",AS,293,9.6,5.6,1.58,54.4,34.6,1.0,0.23
15-796,"Flan, cheese and mushroom, homemade",DR,282,10.8,19.9,8.94,16.0,2.2,1.8,0.642
15-797,"Flan, cheese and mushroom, wholemeal, homemade",DR,272,11.3,18.1,10.46,17.1,2.3,2.7,0.64
15-798,"Flan, cheese, onion and potato, homemade",DR,355,13.0,26.2,13.33,18.0,1.0,1.8,0.968
15-799,"Flan, cheese, onion and potato, wholemeal, homemade",DR,345,13.6,24.3,14.82,19.1,1.0,2.7,0.965
15-800,"Flan, lentil and tomato, homemade",DR,169,7.4,5.7,2.14,23.6,2.5,1.8,0.182
15-801,"Flan, lentil and tomato, wholemeal, homemade",DR,165,7.7,5.8,2.12,22.0,2.6,2.6,0.182
11-1069,"Flan, pastry, with fruit, homemade",AS,105,1.2,3.5,1.14,18.3,11.2,1.1,0.088
15-802,"Flan, spinach, homemade",DR,211,8.6,14.7,5.29,13.4,1.8,1.4,0.458
15-803,"Flan, spinach, wholemeal, homemade",DR,206,9.0,13.4,6.35,11.3,1.9,2.3,0.458
11-1070,"Flan, sponge, with fruit, homemade",AS,101,2.3,1.2,0.34,21.5,15.8,0.9,0.055
15-804,"Flan, vegetable, homemade",DR,229,5.3,15.6,6.68,18.2,2.7,2.5,0.392
15-805,"Flan, vegetable, wholemeal, homemade",DR,191,5.4,11.9,7.26,16.7,2.7,3.1,0.355
11-1071,"Flapjacks, homemade",AM,464,4.4,24.0,7.45,61.6,34.5,3.1,0.678
11-814,"Flapjacks, retail",AM,434,5.1,22.8,10.25,55.7,29.2,5.2,0.485
11-1128,"Flapjacks, retail, chocolate covered",AM,441,5.3,23.5,10.92,55.7,31.3,5.0,0.465
16-041,"Flounder, flesh only, steamed",JA,101,20.3,2.2,0.4,0.0,0.0,0.0,0.3
16-042,"Flounder, flesh only, steamed, weighed with bones and skin",JA,57,11.4,1.2,0.2,0.0,0.0,0.0,0.16
16-040,"Flounder, raw",JA,82,16.4,1.8,0.4,0.0,0.0,0.0,0.23
11-895,"Flour, chapati, brown",AA,332,10.3,1.9,0.29,73.0,1.1,7.9,0.035
11-894,"Flour, chapati, white",AA,345,9.7,1.4,0.35,78.3,0.6,3.6,0.005
11-1045,"Flour, corn",AA,354,0.6,0.7,0.1,92.0,0.0,0.1,0.028
11-899,"Flour, gari (cassava flour)",AA,361,0.7,0.2,0.04,95.1,0.0,4.6,0.01
11-896,"Flour, gram",AA,353,22.7,5.4,0.61,57.0,2.3,10.1,0.005
11-016,"Flour, millet, foxtail",AA,354,5.8,1.7,0.0,75.4,0.0,0.0,0.052
11-021,"Flour, rice",AA,366,6.4,0.8,0.0,80.1,0.0,2.0,0.012
11-897,"Flour, rye",AA,319,7.3,1.6,0.22,73.5,1.5,14.1,0.005
11-898,"Flour, soya",AA,409,34.3,22.4,2.74,18.7,6.4,18.0,0.002
11-887,"Flour, wheat, bread/strong, white",AA,353,11.3,1.2,0.31,79.2,0.5,3.3,0.005
11-892,"Flour, wheat, brown",AA,339,12.2,2.0,0.29,72.5,1.0,7.7,0.005
11-893,"Flour, wheat, brown, bread/strong",AA,341,13.4,1.9,0.0,72.0,1.0,6.0,0.005
11-886,"Flour, wheat, white, plain, soft",AA,352,9.1,1.4,0.44,80.9,0.6,4.0,0.005
11-888,"Flour, wheat, white, self raising",AA,348,8.9,1.5,0.39,79.6,0.6,4.0,0.855
11-889,"Flour, wheat, wholemeal",AA,327,11.6,2.0,0.29,69.9,1.4,10.1,0.005
11-890,"Flour, wheat, wholemeal, bread/strong",AA,327,14.2,2.2,0.0,66.7,1.1,10.0,0.008
11-891,"Flour, wheat, wholemeal, self raising",AA,359,10.8,1.9,0.0,69.3,1.1,0.0,0.978
16-043,"Flying fish, raw",JA,86,21.0,0.3,0.0,0.0,0.0,0.0,0.198
19-495,Frankfurter,MI,287,13.6,25.4,9.2,1.1,1.1,0.1,1.825
19-581,Frankfurter with bun,MI,264,10.7,9.8,3.32,35.6,2.1,1.8,1.26
19-582,"Frankfurter with bun, ketchup, fried onions and mustard",MI,194,6.8,7.4,2.08,26.5,6.7,2.0,1.18
12-534,"Fromage frais, fruit, children's, fortified",BNS,99,5.8,2.9,1.9,13.2,11.8,0.2,0.15
12-372,"Fromage frais, virtually fat free, fruit",BN,50,6.8,0.2,0.1,5.6,4.9,0.7,0.082
12-528,"Fromage frais, virtually fat free, natural",BN,49,7.7,0.1,0.1,4.6,4.4,0.0,0.092
14-336,"Fruit cocktail, canned in juice, whole contents",FA,45,0.4,0.0,0.0,11.7,11.7,1.0,0.008
14-097,"Fruit cocktail, canned in syrup, whole contents",FA,57,0.4,0.0,0.0,14.8,14.8,1.0,0.008
12-232,"Fruit fool, homemade",BR,163,1.0,9.3,5.8,20.2,16.1,1.2,0.032
17-107,Fruit gums/jellies,SEC,324,6.5,0.0,0.0,79.5,58.7,0.0,0.075
17-673,"Fruit juice drink, carbonated, no added sugar, ready to drink",PCA,2,0.0,0.0,0.0,0.6,0.6,0.0,0.0
17-735,"Fruit juice drink, carbonated, ready to drink",PCA,27,0.0,0.0,0.0,7.2,7.2,0.0,0.02
17-742,"Fruit juice drink, no added sugar, ready to drink",PCC,4,0.2,0.0,0.0,0.9,0.9,0.0,0.012
17-847,"Fruit juice drink/squash, diluted",PCC,7,0.0,0.0,0.0,1.8,1.8,0.0,0.02
17-846,"Fruit juice drink/squash, no sugar added, diluted",PCC,1,0.0,0.0,0.0,0.3,0.3,0.0,0.055
17-739,"Fruit juice drink/squash, no sugar added, undiluted",PCC,6,0.1,0.0,0.0,1.4,1.4,0.0,0.275
17-741,"Fruit juice drink/squash, ready to drink",PCC,37,0.1,0.0,0.0,9.8,9.8,0.0,0.012
17-738,"Fruit juice drink/squash, undiluted",PCC,34,0.1,0.0,0.0,8.9,8.9,0.0,0.1
17-746,"Fruit juice, mixed",PE,40,0.4,0.0,0.0,10.3,10.3,0.8,0.005
17-824,Fruit pastilles,SEC,327,2.8,0.0,0.0,84.2,59.3,0.0,0.082
14-333,"Fruit salad, homemade",FA,59,0.7,0.3,0.0,14.3,14.0,1.1,0.002
17-683,"Fudge, homemade",SEC,435,3.4,13.1,8.29,80.8,80.8,0.0,0.39
15-806,"Fu-fu, sweet potato, homemade",DR,109,1.6,0.3,0.09,25.9,0.0,2.3,0.092
15-807,"Fu-fu, yam, homemade",DR,155,2.1,0.3,0.09,37.4,0.0,1.5,0.04
11-913,Gajjeralla,AS,272,3.6,12.3,4.81,39.3,39.3,2.1,0.232
13-829,Garam masala,H,379,15.6,15.1,0.0,45.2,0.0,0.0,0.242
15-642,"Garlic mushrooms, not coated, homemade",DR,134,1.2,14.1,8.85,0.5,0.4,1.3,0.32
13-830,Garlic powder,H,246,18.7,1.2,0.2,42.7,4.2,9.9,0.048
13-244,"Garlic, raw",DG,98,7.9,0.6,0.1,16.3,1.6,4.1,0.01
11-526,"Gateau, chocolate based, frozen",AN,295,3.5,15.7,10.3,37.2,17.4,1.0,0.432
11-530,"Gateau, fruit, frozen",AN,248,3.2,12.3,7.89,33.3,14.9,0.9,0.32
17-360,Gelatine,WY,338,84.4,0.0,0.0,0.0,0.0,0.0,0.825
12-502,Ghee made from vegetable oil,BTM,900,0.1,100.0,46.72,0.0,0.0,0.0,0.002
17-640,"Ghee, butter",OF,878,0.1,97.6,58.42,0.0,0.0,0.0,0.002
13-246,"Gherkins, pickled, drained",DG,14,0.9,0.1,0.0,2.6,2.4,1.5,1.725
13-245,"Gherkins, raw",DG,12,1.0,0.1,0.0,1.8,1.6,0.8,0.028
18-394,"Giblets, chicken, boiled",MG,156,22.9,7.1,0.0,0.0,0.0,0.0,0.168
18-393,"Giblets, chicken, raw",MG,142,17.1,8.2,0.0,0.0,0.0,0.0,0.205
18-395,"Giblets, turkey, boiled",MG,192,28.1,8.8,0.0,0.0,0.0,0.0,0.158
13-890,"Ginger, fresh",H,44,1.8,0.8,0.2,8.1,1.7,2.0,0.032
13-832,"Ginger, ground",H,284,7.4,3.3,1.57,60.0,19.8,14.1,0.085
11-1079,"Gingerbread, homemade",AN,371,5.6,11.3,3.74,65.9,34.7,1.7,0.632
17-049,"Glucose liquid, BP",SC,318,0.0,0.0,0.0,84.7,40.2,0.0,0.375
18-375,"Goose, meat, raw, fat and skin",MCE,361,16.5,32.8,9.5,0.0,0.0,0.0,0.152
18-376,"Goose, meat, roasted, fat and skin",MCE,301,27.5,21.2,6.6,0.0,0.0,0.0,0.2
14-100,"Gooseberries, cooking, raw",FA,19,1.1,0.4,0.0,3.0,3.0,2.4,0.005
14-101,"Gooseberries, cooking, stewed with sugar",FA,54,0.7,0.3,0.0,12.9,12.9,1.9,0.018
14-102,"Gooseberries, cooking, stewed without sugar",FA,16,0.9,0.3,0.0,2.5,2.5,2.0,0.005
14-103,"Gooseberries, dessert, raw",FA,40,0.7,0.3,0.1,9.2,9.2,2.4,0.002
19-583,"Goulash, homemade",MR,79,6.9,3.0,0.81,6.5,1.7,0.8,0.635
13-248,"Gourd, ash, raw",DG,12,0.5,0.1,0.0,2.3,0.0,0.0,0.012
13-249,"Gourd, bottle, raw",DG,13,0.4,0.1,0.0,2.7,0.0,0.0,0.005
13-250,"Gourd, kantola, raw",DG,28,1.9,1.0,0.0,3.0,0.9,0.0,0.02
13-252,"Gourd, karela, raw",DG,11,1.6,0.2,0.0,0.8,0.0,2.6,0.002
13-254,"Gourd, ridge, raw",DG,17,0.8,0.1,0.0,3.3,3.1,0.0,0.005
13-255,"Gourd, snake, raw",DG,21,0.5,0.3,0.0,4.1,0.0,0.0,0.062
13-256,"Gourd, tinda, raw",DG,21,1.4,0.2,0.0,3.6,2.8,0.0,0.088
17-745,"Grape juice, unsweetened",PE,62,0.3,0.1,0.0,16.0,16.0,0.0,0.018
14-275,"Grapefruit juice, unsweetened",PE,33,0.4,0.1,0.0,8.3,8.3,0.0,0.018
14-107,"Grapefruit, canned in juice, whole contents",FA,30,0.6,0.0,0.0,7.3,7.3,0.4,0.025
14-384,"Grapefruit, flesh only, raw",FA,34,0.89,0.5,0.07,6.94,6.94,0.9,0.002
14-385,"Grapefruit, flesh only, raw, weighed with peel and pips",FA,24,0.6,0.4,0.05,4.9,4.9,0.6,0.002
14-350,"Grapes, average",FA,65,0.7,0.2,0.06,16.1,16.1,1.3,0.002
14-351,"Grapes, average, weighed with pips",FA,64,0.7,0.2,0.06,15.8,15.8,1.3,0.002
14-322,"Grapes, green",FA,62,0.7,0.2,0.07,15.2,15.2,1.2,0.002
14-323,"Grapes, red",FA,67,0.6,0.1,0.04,17.0,17.0,1.3,0.002
17-724,Gravy instant granules,WY,407,4.4,16.1,10.66,65.2,5.3,1.6,13.25
17-725,"Gravy instant granules, made up with water",WY,30,0.3,1.2,0.77,4.7,0.4,0.1,0.962
13-608,"Green beans, dried",DI,246,21.6,4.4,0.82,31.9,22.6,35.0,0.0
14-111,"Greengages, raw",FA,41,0.8,0.1,0.0,9.7,9.7,2.1,0.002
14-112,"Greengages, raw, weighed with stones",FA,38,0.7,0.1,0.0,9.2,9.2,2.0,0.002
14-113,"Greengages, stewed with sugar",FA,81,0.7,0.1,0.0,20.7,20.7,1.9,0.0
14-114,"Greengages, stewed with sugar, weighed with stones",FA,78,0.7,0.1,0.0,19.9,19.9,1.8,0.0
14-116,"Greengages, stewed without sugar, weighed with stones",FA,34,0.6,0.1,0.0,8.3,8.3,1.8,0.002
14-115,"Greengages, stones, removed, stewed without sugar",FA,36,0.7,0.1,0.0,8.7,8.7,1.9,0.002
14-117,"Grenadillas, flesh and seeds",FA,42,2.8,0.3,0.1,7.5,7.5,3.3,0.07
18-377,"Grouse, meat only, roasted",MCG,128,27.6,2.0,0.5,0.0,0.0,0.0,0.275
18-378,"Grouse, meat only, roasted, weighed with bone",MCG,59,12.7,0.9,0.2,0.0,0.0,0.0,0.128
17-797,"Guacamole, homemade",WC,128,1.4,12.7,2.67,2.2,1.3,2.5,0.012
14-118,"Guava, flesh only, raw",FA,26,0.8,0.5,0.0,5.0,4.9,3.7,0.012
14-119,"Guava, raw, weighed with skin and pips",FA,24,0.7,0.5,0.0,4.5,4.4,3.3,0.012
11-1081,"Gulab jamen/jambu, homemade",AP,273,6.5,6.6,0.62,49.9,35.6,0.5,0.288
11-1083,"Gulab jamen/jambu, retail",AP,306,7.2,12.8,4.38,43.3,38.9,0.2,0.265
16-063,"Haddock, coated in crumbs, frozen, fried in blended oil",JA,196,14.7,10.0,0.0,12.6,0.0,0.6,0.725
16-064,"Haddock, coated in crumbs, frozen, fried in blended oil, weighed with bones and skin",JA,157,11.8,8.0,0.0,10.1,0.0,0.5,0.575
16-062,"Haddock, coated in crumbs, frozen, raw",JA,141,13.8,5.2,0.0,10.5,0.0,0.6,0.725
16-057,"Haddock, fillets, flesh only, in flour, fried in blended oil, weighed with bones and skin",JA,120,18.4,3.6,0.4,3.9,0.0,0.2,0.155
16-058,"Haddock, fillets, flesh only, in flour, fried in dripping",JA,138,21.1,4.1,2.3,4.5,0.0,0.2,0.178
16-059,"Haddock, fillets, flesh only, in flour, fried in dripping, weighed with bones and skin",JA,120,18.4,3.6,2.0,3.9,0.0,0.2,0.155
16-060,"Haddock, fillets, flesh only, in flour, fried in sunflower oil",JA,138,21.1,4.1,0.5,4.5,0.0,0.2,0.178
16-061,"Haddock, fillets, flesh only, in flour, fried in sunflower oil, weighed with bones and skin",JA,120,18.4,3.6,0.4,3.9,0.0,0.2,0.155
16-376,"Haddock, flesh only, grilled",JA,98,23.9,0.3,0.06,0.0,0.0,0.0,0.23
16-471,"Haddock, flesh only, grilled, fillets weighed with bones and skin",JA,87,21.0,0.3,0.05,0.0,0.0,0.0,0.202
16-473,"Haddock, flesh only, poached",JA,96,22.8,0.5,0.11,0.0,0.0,0.0,0.218
16-474,"Haddock, flesh only, poached, fillets weighed with bones and skin",JA,84,19.8,0.5,0.1,0.0,0.0,0.0,0.19
16-375,"Haddock, flesh only, raw",JA,75,17.8,0.4,0.09,0.0,0.0,0.0,0.17
16-402,"Haddock, flesh only, smoked, poached",JA,92,21.8,0.5,0.09,0.0,0.0,0.0,1.16
16-475,"Haddock, flesh only, smoked, poached, fillets weighed with bones and skin",JA,80,19.2,0.4,0.08,0.0,0.0,0.0,1.02
16-492,"Haddock, flesh only, smoked, raw",JA,83,19.7,0.5,0.08,0.0,0.0,0.0,1.05
16-493,"Haddock, flesh only, smoked, steamed",JA,95,22.5,0.5,0.09,0.0,0.0,0.0,1.372
16-494,"Haddock, flesh only, smoked, steamed, weighed with bones and skin",JA,84,20.0,0.5,0.08,0.0,0.0,0.0,1.222
16-377,"Haddock, flesh only, steamed",JA,93,21.8,0.6,0.12,0.0,0.0,0.0,0.21
16-472,"Haddock, flesh only, steamed, fillets weighed with bones and skin",JA,81,19.0,0.5,0.1,0.0,0.0,0.0,0.182
16-052,"Haddock, in batter, fried in blended oil",JA,232,17.1,14.0,1.5,10.0,0.0,0.4,0.45
16-053,"Haddock, in batter, fried in dripping",JA,232,17.1,14.0,7.8,10.0,0.0,0.4,0.45
16-495,"Haddock, in batter, fried in retail blend oil",JA,232,17.1,14.0,7.22,10.0,0.0,0.4,0.45
16-055,"Haddock, in batter, fried in sunflower oil",JA,232,17.1,14.0,2.0,10.0,0.0,0.4,0.45
19-132,"Haggis, boiled",MI,310,10.7,21.7,7.6,19.2,0.0,0.2,1.925
16-071,"Hake, flesh only, grilled",JA,113,22.2,2.7,0.4,0.0,0.0,0.0,0.325
16-072,"Hake, flesh only, grilled, weighed with bones and skin",JA,74,14.4,1.8,0.3,0.0,0.0,0.0,0.21
16-070,"Hake, flesh only, raw",JA,92,18.0,2.2,0.3,0.0,0.0,0.0,0.25
16-074,"Halibut, flesh only, grilled",JA,121,25.3,2.2,0.4,0.0,0.0,0.0,0.178
16-076,"Halibut, flesh only, poached",JA,154,24.7,5.7,2.7,1.1,1.1,0.0,0.25
16-077,"Halibut, flesh only, poached, weighed with bones and skin",JA,142,22.7,5.3,2.5,1.0,1.0,0.0,0.24
16-073,"Halibut, flesh only, raw",JA,103,21.5,1.9,0.3,0.0,0.0,0.0,0.15
16-075,"Halibut, grilled, weighed with bones and skin",JA,95,19.7,1.7,0.3,0.0,0.0,0.0,0.138
17-798,"Halva, carrot, homemade",SEC,354,4.8,16.6,7.38,44.0,43.3,4.7,0.235
17-799,"Halva, semolina, homemade",SEC,342,2.2,16.7,7.0,49.1,37.6,0.5,0.032
19-496,Ham,MAA,107,18.4,3.3,1.1,1.0,1.0,0.1,2.0
19-021,"Ham, gammon joint, boiled",MAA,204,23.3,12.3,4.11,0.0,0.0,0.0,2.95
19-020,"Ham, gammon joint, raw",MAA,138,17.5,7.5,2.5,0.0,0.0,0.0,2.2
19-505,"Ham, gammon rashers, grilled",MAA,199,27.5,9.9,3.4,0.0,0.0,0.0,3.4
18-379,"Hare, meat only, stewed",MEA,192,29.9,8.0,0.0,0.0,0.0,0.0,0.1
18-380,"Hare, meat only, stewed, weighed with bone",MEA,139,21.8,5.8,0.0,0.0,0.0,0.0,0.072
14-874,"Hazelnuts, kernel only",GA,650,14.1,63.5,4.55,6.0,4.0,6.9,0.015
14-885,"Hazelnuts, kernel only, weighed with shells",GA,247,5.4,24.1,1.73,2.3,1.5,2.6,0.005
18-396,"Heart, lamb, raw",MG,129,17.1,6.8,2.1,0.0,0.0,0.0,0.35
18-492,"Heart, lamb, roasted",MG,226,25.3,13.9,0.0,0.0,0.0,0.0,0.21
18-398,"Heart, ox, raw",MG,104,18.2,3.5,1.7,0.0,0.0,0.0,0.22
18-399,"Heart, ox, stewed",MG,157,27.8,5.1,2.5,0.0,0.0,0.0,0.162
18-400,"Heart, pig, raw",MG,97,17.1,3.2,1.2,0.0,0.0,0.0,0.2
18-401,"Heart, pig, stewed",MG,162,25.1,6.8,0.0,0.0,0.0,0.0,0.19
16-176,"Herring, flesh only, grilled",JC,181,20.1,11.2,2.8,0.0,0.0,0.0,0.4
16-177,"Herring, flesh only, grilled, weighed with bones and skin",JC,123,13.7,7.6,1.9,0.0,0.0,0.0,0.275
16-175,"Herring, flesh only, raw",JC,190,17.8,13.2,3.65,0.0,0.0,0.0,0.3
16-183,"Herring, pickled",JC,209,16.7,11.1,0.0,10.0,10.0,0.0,2.075
17-848,"High juice drink, diluted",PCC,32,0.1,0.0,0.0,8.5,8.5,0.0,0.005
17-674,"High juice drink, no added sugar, undiluted",PCC,18,0.3,0.0,0.0,4.6,4.6,0.0,0.25
17-740,"High juice drink, undiluted",PCC,161,0.3,0.0,0.0,42.6,42.6,0.0,0.028
16-184,"Hilsa, raw",JC,262,21.8,19.4,0.0,0.0,0.0,0.0,0.13
16-079,"Hoki, grilled",JA,121,24.1,2.7,0.5,0.0,0.0,0.0,0.3
16-078,"Hoki, raw",JA,85,16.9,1.9,0.3,0.0,0.0,0.0,0.215
17-800,"Hollandaise sauce, homemade",WC,717,5.1,77.9,46.36,0.9,0.5,0.1,1.575
17-050,Honey,SC,288,0.4,0.0,0.0,76.4,76.4,0.0,0.028
17-051,Honey and comb,SC,281,0.6,4.6,0.0,74.4,74.4,0.0,0.018
17-801,"Horlicks powder, made up with semi-skimmed milk",PAA,83,4.1,1.8,1.1,13.5,8.5,0.4,0.232
17-802,"Horlicks powder, made up with skimmed milk",PAA,72,4.1,0.6,0.26,13.5,8.5,0.4,0.238
17-803,"Horlicks powder, made up with whole milk",PAA,98,4.1,3.5,2.18,13.3,8.4,0.4,0.232
17-731,"Horlicks, powder",PAA,379,9.4,3.1,1.3,83.7,38.9,3.4,1.25
17-314,Horseradish sauce,WCN,153,2.5,8.4,1.1,17.9,15.0,2.5,2.275
13-258,"Horseradish, raw",DG,62,4.5,0.3,0.0,11.0,7.3,6.2,0.02
11-1084,"Hot cross buns, homemade",AP,312,7.3,5.8,1.95,58.3,23.4,1.9,0.192
19-522,"Hot pot, lamb/beef with potatoes, retail, reheated",MR,108,7.2,4.4,1.7,10.6,1.0,1.9,0.5
13-556,Houmous,DB,307,6.8,26.7,0.0,10.5,0.6,4.9,1.025
12-510,"Ice cream bars/choc ices, chocolate coated, luxury",BP,336,3.9,21.1,14.21,34.9,32.9,0.0,0.16
12-384,"Ice cream bars/choc ices, non-dairy, with chocolate flavoured coating",BP,295,3.2,21.7,18.4,23.2,20.5,0.0,0.175
12-385,"Ice cream desserts, frozen",BP,251,3.5,17.6,14.17,21.0,19.7,0.0,0.155
17-689,"Ice cream sauce, topping, strawberry and chocolate flavours",SC,276,0.4,0.2,0.0,72.7,62.3,0.0,0.0
12-581,"Ice cream with cone, non-dairy, vanilla",BP,200,2.9,7.5,4.82,32.0,22.6,0.3,0.202
12-582,"Ice cream with wafers, non-dairy, vanilla",BP,199,2.9,7.5,4.84,31.7,22.7,0.3,0.2
12-511,"Ice cream, dairy, luxury, with chocolate/caramel",BP,262,4.2,13.9,8.97,32.2,28.4,1.3,0.188
12-508,"Ice cream, dairy, vanilla, soft scoop",BP,169,3.2,8.2,5.19,22.0,22.0,0.2,0.158
12-509,"Ice cream, non dairy, vanilla, soft scoop",BP,192,2.6,7.7,5.01,29.8,23.5,0.2,0.19
12-482,"Ice cream, virtually fat free alternative",BP,102,4.4,0.8,0.0,20.6,19.0,0.0,0.0
11-828,"Iced buns, retail",AN,322,6.0,7.8,3.62,60.8,25.8,2.5,0.57
17-783,"Icing, butter, homemade",S,507,0.2,29.4,18.61,63.4,62.8,0.0,0.672
17-804,"Icing, fondant, homemade",S,343,1.3,0.0,0.0,90.1,88.9,0.0,0.075
17-583,"Icing, glace, homemade",SC,333,0.0,0.0,0.0,88.9,88.0,0.0,0.025
17-805,"Icing, Royal, homemade",SC,354,1.1,0.0,0.0,93.4,92.4,0.0,0.075
12-583,"Instant dessert powder, made up with skimmed milk",BR,96,3.3,3.2,2.89,14.4,11.0,0.0,0.572
12-584,"Instant dessert powder, made up with whole milk",BR,121,3.2,6.0,4.69,14.3,10.9,0.0,0.57
17-732,"Instant drinks powder, chocolate, low calorie",PAA,359,16.0,11.1,8.05,52.0,33.6,0.0,2.925
17-825,"Instant drinks powder, malted, unfortified",PAA,388,5.7,6.2,3.8,82.5,54.8,2.1,1.0
16-185,"Jackfish, raw",JC,108,21.7,2.4,0.0,0.0,0.0,0.0,0.132
13-259,"Jackfruit, raw",DG,88,1.3,0.3,0.0,21.4,20.6,0.0,0.008
11-739,Jaffa cakes,AM,354,4.4,8.5,4.33,69.3,51.6,1.5,0.212
11-846,"Jam tarts, retail",AS,353,3.2,13.5,5.54,58.2,32.1,1.4,0.065
17-073,"Jam, fruit with edible seeds",SC,261,0.6,0.0,0.0,69.0,69.0,0.0,0.072
17-075,"Jam, reduced sugar",SC,123,0.5,0.1,0.0,31.9,31.9,1.7,0.05
17-688,"Jam, stone fruit",SC,261,0.4,0.0,0.0,69.3,69.3,1.0,0.115
14-121,"Jambu fruit, flesh only",FA,55,0.7,0.3,0.1,12.4,0.0,0.0,0.065
11-1088,"Jellabi, homemade",AP,369,4.2,14.9,1.12,57.5,0.0,1.6,0.005
12-240,"Jelly, made with skimmed milk",BR,73,2.6,0.0,0.0,16.8,16.8,0.0,0.072
12-237,"Jelly, made with water",BR,61,1.2,0.0,0.0,15.1,15.1,0.0,0.012
12-516,"Jelly, sugar free, made with water",BR,6,1.6,0.0,0.0,0.0,0.0,0.0,0.012
16-080,"John Dory, raw",JA,89,19.0,1.4,0.3,0.0,0.0,0.0,0.15
14-122,"Jujube, flesh only",FA,87,1.5,0.3,0.1,19.7,19.7,0.0,0.01
16-081,"Kalabasu, raw",JA,68,14.7,1.0,0.0,0.0,0.0,0.0,0.0
16-186,"Katla, raw",JA,100,19.5,2.4,0.0,0.0,0.0,0.0,0.125
19-615,"Kebabs, pork and pineapple, homemade",MR,170,14.4,9.9,2.44,5.9,6.1,0.8,0.195
16-447,"Kedgeree, homemade",JR,167,15.9,7.7,2.37,9.1,0.0,0.2,0.858
15-809,Khadhi,DR,63,3.4,2.8,1.6,6.6,4.5,0.5,0.092
15-810,Khatiyu,DR,192,8.5,7.0,0.54,25.8,3.8,0.1,0.062
19-587,"Kheema, beef, homemade",MR,160,11.7,10.8,3.69,4.6,2.6,1.1,0.11
19-480,"Kheema, lamb, homemade",MR,178,11.0,13.4,3.84,4.0,2.4,1.5,0.092
19-593,"Kheema, lamb, reduced fat, homemade",MR,142,11.4,9.4,3.32,3.2,1.6,1.6,0.098
15-528,"Khichadi, with butter ghee",DR,169,4.8,5.2,3.03,27.3,0.2,1.4,1.238
15-529,"Khichadi, with vegetable oil",DR,169,4.8,5.2,0.76,27.0,0.2,1.4,1.238
18-493,"Kidney, lamb, fried in corn oil",MG,188,23.7,10.3,0.0,0.0,0.0,0.0,0.575
18-402,"Kidney, lamb, raw",MG,91,17.0,2.6,0.9,0.0,0.0,0.0,0.375
18-404,"Kidney, ox, raw",MG,88,17.2,2.1,0.8,0.0,0.0,0.0,0.425
18-405,"Kidney, ox, stewed",MG,138,24.5,4.4,1.4,0.0,0.0,0.0,0.375
18-407,"Kidney, pig, fried",MG,202,29.2,9.5,0.0,0.0,0.0,0.0,0.55
18-406,"Kidney, pig, raw",MG,86,15.5,2.7,0.9,0.0,0.0,0.0,0.5
18-408,"Kidney, pig, stewed",MG,153,24.4,6.1,2.0,0.0,0.0,0.0,0.925
16-398,"Kippers, flesh only, boil in the bag, with butter, cooked",JC,193,18.6,13.2,2.96,0.0,0.0,0.0,2.15
16-397,"Kippers, flesh only, grilled",JC,245,21.7,17.6,3.74,0.0,0.0,0.0,2.368
16-476,"Kippers, flesh only, grilled, fillets weighed with bones and skin",JC,219,19.3,15.7,3.33,0.0,0.0,0.0,2.108
14-371,"Kiwi fruit, flesh only, raw",FA,44,0.8,0.9,0.07,8.6,8.3,2.7,0.002
14-373,"Kiwi fruit, flesh only, raw, weighed with skin",FA,32,0.6,0.7,0.05,6.2,6.0,2.0,0.002
12-605,"Knickerbocker glory, homemade",BP,128,2.4,6.3,2.83,16.4,14.1,1.3,0.075
19-642,"Kofta, beef, homemade",MR,290,25.3,20.5,8.52,1.3,0.8,0.3,0.29
19-594,"Kofta, lamb, coated with breadcrumbs, homemade",MR,277,23.8,16.0,7.08,9.7,0.9,0.4,0.348
13-576,"Kohl rabi, boiled in unsalted water",DG,18,1.2,0.2,0.0,3.1,3.0,1.9,0.008
13-261,"Kohl rabi, raw",DG,23,1.6,0.2,0.0,3.7,3.6,2.2,0.01
12-606,"Kulfi, homemade",BP,457,5.7,42.4,24.22,13.8,13.6,0.5,0.138
14-125,"Kumquats, whole fruit, raw",FA,43,0.9,0.5,0.0,9.3,9.3,3.8,0.015
17-212,"Lager, alcohol-free",QA,7,0.4,0.0,0.0,1.5,1.2,0.0,0.005
17-676,"Lager, extra strong",QA,60,0.3,0.0,0.0,2.4,2.4,0.0,0.018
17-750,"Lager, low alcohol",QA,16,0.3,0.0,0.0,0.5,0.5,0.0,0.025
17-751,"Lager, premium",QA,29,0.3,0.0,0.0,0.0,0.0,0.0,0.018
17-749,"Lager, standard",QA,24,0.3,0.0,0.0,0.0,0.0,0.0,0.018
19-598,"Lamb stir-fried with vegetables, homemade",MR,244,16.4,18.4,7.36,2.3,2.0,0.6,0.592
18-478,"Lamb, average, raw, lean and fat",MAE,187,19.0,12.3,5.36,0.0,0.0,0.0,0.145
18-103,"Lamb, best end neck cutlets, barbecued, lean",MAE,236,27.7,13.9,6.5,0.0,0.0,0.0,0.205
18-105,"Lamb, best end neck cutlets, barbecued, lean and fat",MAE,342,24.3,27.2,13.2,0.0,0.0,0.0,0.2
18-106,"Lamb, best end neck cutlets, barbecued, lean and fat, weighed with bone",MAE,246,17.5,19.6,9.5,0.0,0.0,0.0,0.142
18-104,"Lamb, best end neck cutlets, barbecued, lean, weighed with fat and bone",MAE,120,14.1,7.1,3.3,0.0,0.0,0.0,0.105
18-107,"Lamb, best end neck cutlets, grilled, lean",MAE,238,28.5,13.8,6.5,0.0,0.0,0.0,0.21
18-109,"Lamb, best end neck cutlets, grilled, lean and fat",MAE,367,24.5,29.9,14.5,0.0,0.0,0.0,0.202
18-110,"Lamb, best end neck cutlets, grilled, lean and fat, weighed with bone",MAE,259,17.6,21.0,10.4,0.0,0.0,0.0,0.145
18-108,"Lamb, best end neck cutlets, grilled, lean, weighed with fat and bone",MAE,114,13.7,6.6,3.1,0.0,0.0,0.0,0.1
18-101,"Lamb, best end neck cutlets, raw, lean and fat",MAE,316,16.3,27.9,13.6,0.0,0.0,0.0,0.145
18-102,"Lamb, best end neck cutlets, raw, lean and fat, weighed with bone",MAE,231,11.9,20.4,9.9,0.0,0.0,0.0,0.105
18-111,"Lamb, breast, raw, lean",MAE,179,19.6,11.2,5.2,0.0,0.0,0.0,0.215
18-112,"Lamb, breast, raw, lean and fat",MAE,287,16.2,24.7,11.9,0.0,0.0,0.0,0.172
18-113,"Lamb, breast, roasted, lean",MAE,273,26.7,18.5,8.6,0.0,0.0,0.0,0.232
18-114,"Lamb, breast, roasted, lean and fat",MAE,359,22.4,29.9,14.3,0.0,0.0,0.0,0.212
18-117,"Lamb, chump chops, fried, lean",MAE,213,28.1,11.2,5.0,0.0,0.0,0.0,0.185
18-119,"Lamb, chump chops, fried, lean and fat",MAE,308,24.7,23.2,10.8,0.0,0.0,0.0,0.18
18-120,"Lamb, chump chops, fried, lean and fat, weighed with bone",MAE,256,20.5,19.3,9.0,0.0,0.0,0.0,0.15
18-118,"Lamb, chump chops, fried, lean, weighed with fat and bone",MAE,135,17.7,7.1,3.2,0.0,0.0,0.0,0.118
18-115,"Lamb, chump chops, raw, lean and fat",MAE,242,18.3,18.8,8.8,0.0,0.0,0.0,0.14
18-116,"Lamb, chump chops, raw, lean and fat, weighed with bone",MAE,211,15.9,16.4,7.6,0.0,0.0,0.0,0.122
18-122,"Lamb, chump steaks, fried, lean and fat",MAE,283,24.8,20.4,9.4,0.0,0.0,0.0,0.178
18-121,"Lamb, chump steaks, raw, lean and fat",MAE,222,18.6,16.4,7.6,0.0,0.0,0.0,0.14
18-100,"Lamb, fat, average, cooked",MAE,568,15.4,56.3,28.4,0.0,0.0,0.0,0.18
18-098,"Lamb, fat, average, raw",MAE,518,13.3,51.6,26.3,0.0,0.0,0.0,0.09
18-099,"Lamb, fat, raw, average, extra trimmed",MAE,721,6.5,77.2,0.0,0.0,0.0,0.0,0.0
18-475,"Lamb, lean only, raw, average",MAE,153,20.2,8.0,3.46,0.0,0.0,0.0,0.175
18-097,"Lamb, lean only, raw, average, extra trimmed",MAE,148,20.0,7.5,0.0,0.0,0.0,0.0,0.0
18-124,"Lamb, leg chops, grilled, lean and fat",MAE,221,28.3,12.0,5.0,0.0,0.0,0.0,0.178
18-125,"Lamb, leg chops, grilled, lean and fat, weighed with bone",MAE,186,23.8,10.1,4.2,0.0,0.0,0.0,0.148
18-131,"Lamb, leg joint, roasted, lean",MAE,210,30.8,9.6,3.4,0.0,0.0,0.0,0.205
18-132,"Lamb, leg joint, roasted, lean and fat",MAE,236,29.7,13.0,4.7,0.0,0.0,0.0,0.205
18-133,"Lamb, leg steaks, grilled, lean",MAE,198,29.2,9.0,3.6,0.0,0.0,0.0,0.175
18-134,"Lamb, leg steaks, grilled, lean and fat",MAE,231,28.0,13.2,5.5,0.0,0.0,0.0,0.178
18-126,"Lamb, leg, half fillet, braised, lean",MAE,204,27.3,10.5,4.6,0.0,0.0,0.0,0.145
18-127,"Lamb, leg, half fillet, braised, lean and fat",MAE,256,25.6,17.1,7.7,0.0,0.0,0.0,0.155
18-128,"Lamb, leg, half knuckle, pot-roasted, lean",MAE,201,29.4,9.3,3.9,0.0,0.0,0.0,0.145
18-129,"Lamb, leg, half knuckle, pot-roasted, lean and fat",MAE,237,28.1,13.8,6.0,0.0,0.0,0.0,0.15
18-130,"Lamb, leg, half knuckle, pot-roasted, lean and fat, weighed with bone",MAE,173,20.5,10.1,4.4,0.0,0.0,0.0,0.11
18-137,"Lamb, leg, whole, roasted well done, lean",MAE,208,31.3,9.2,3.7,0.0,0.0,0.0,0.155
18-138,"Lamb, leg, whole, roasted well done, lean and fat",MAE,242,29.8,13.6,5.7,0.0,0.0,0.0,0.16
18-480,"Lamb, leg, whole, roasted, lean and fat",MAE,240,28.1,14.2,5.93,0.0,0.0,0.0,0.16
18-479,"Lamb, leg, whole, roasted, lean only",MAE,203,29.7,9.4,3.8,0.0,0.0,0.0,0.158
18-141,"Lamb, loin chops, grilled, lean",MAE,213,29.2,10.7,4.9,0.0,0.0,0.0,0.2
18-477,"Lamb, loin chops, grilled, lean and fat",MAE,305,26.5,22.1,10.5,0.0,0.0,0.0,0.202
18-496,"Lamb, loin chops, grilled, lean and fat, weighed with bone",MAE,247,21.5,17.9,8.5,0.0,0.0,0.0,0.165
18-142,"Lamb, loin chops, grilled, lean, weighed with fat and bone",MAE,130,17.8,6.5,3.0,0.0,0.0,0.0,0.122
18-145,"Lamb, loin chops, microwaved, lean",MAE,242,32.4,12.5,5.7,0.0,0.0,0.0,0.188
18-147,"Lamb, loin chops, microwaved, lean and fat",MAE,352,27.5,26.9,12.8,0.0,0.0,0.0,0.185
18-148,"Lamb, loin chops, microwaved, lean and fat, weighed with bone",MAE,289,22.5,22.1,10.5,0.0,0.0,0.0,0.15
18-146,"Lamb, loin chops, microwaved, lean, weighed with fat and bone",MAE,141,18.8,7.3,3.3,0.0,0.0,0.0,0.11
18-476,"Lamb, loin chops, raw, lean and fat",MAE,277,17.6,23.0,10.8,0.0,0.0,0.0,0.158
18-497,"Lamb, loin chops, raw, lean and fat, weighed with bone",MAE,216,13.7,17.9,8.4,0.0,0.0,0.0,0.122
18-149,"Lamb, loin chops, roasted, lean",MAE,257,34.4,13.3,6.1,0.0,0.0,0.0,0.228
18-151,"Lamb, loin chops, roasted, lean and fat",MAE,359,29.1,26.9,12.8,0.0,0.0,0.0,0.212
18-152,"Lamb, loin chops, roasted, lean and fat, weighed with bone",MAE,316,22.4,20.7,11.3,0.0,0.0,0.0,0.188
18-150,"Lamb, loin chops, roasted, lean, weighed with fat and bone",MAE,144,19.3,7.4,3.4,0.0,0.0,0.0,0.128
18-153,"Lamb, loin joint, raw, lean and fat",MAE,307,16.9,26.6,12.6,0.0,0.0,0.0,0.152
18-154,"Lamb, loin joint, raw, lean and fat, weighed with bone",MAE,236,13.0,20.5,9.7,0.0,0.0,0.0,0.118
18-155,"Lamb, loin joint, roasted, lean",MAE,209,28.2,10.7,4.9,0.0,0.0,0.0,0.19
18-156,"Lamb, loin joint, roasted, lean and fat",MAE,303,25.3,22.4,10.6,0.0,0.0,0.0,0.188
18-157,"Lamb, loin joint, roasted, lean and fat, weighed with bone",MAE,224,18.7,16.6,7.8,0.0,0.0,0.0,0.19
18-481,"Lamb, mince, raw",MAE,196,19.1,13.3,6.2,0.0,0.0,0.0,0.172
18-159,"Lamb, mince, stewed",MAE,208,24.4,12.3,5.94,0.0,0.0,0.0,0.148
19-608,"Lamb, mince, stewed with onions",MR,129,10.6,8.5,3.34,2.8,0.6,0.4,0.792
18-160,"Lamb, neck fillet, raw, lean",MAE,203,19.4,13.9,6.4,0.0,0.0,0.0,0.152
18-161,"Lamb, neck fillet, raw, lean and fat",MAE,232,18.4,17.6,8.3,0.0,0.0,0.0,0.148
18-162,"Lamb, neck fillet, slices, grilled, lean",MAE,284,27.9,19.1,8.7,0.0,0.0,0.0,0.195
18-163,"Lamb, neck fillet, slices, grilled, lean and fat",MAE,302,26.3,21.9,10.3,0.0,0.0,0.0,0.19
18-164,"Lamb, neck fillet, strips, stir-fried  in corn oil, lean",MAE,278,24.4,20.0,8.17,0.0,0.0,0.0,0.17
18-165,"Lamb, neck fillet, strips, stir-fried in corn oil, lean and fat",MAE,301,23.2,23.1,9.9,0.0,0.0,0.0,0.175
18-188,"Lamb, New Zealand, leg, whole, chilled, roasted, lean",MAE,207,28.8,10.2,4.4,0.0,0.0,0.0,0.205
18-189,"Lamb, New Zealand, leg, whole, chilled, roasted, lean and fat",MAE,230,28.0,13.1,5.8,0.0,0.0,0.0,0.205
18-190,"Lamb, New Zealand, leg, whole, frozen, raw, lean and fat, weighed with bone",MAE,160,15.0,11.1,3.7,0.0,0.0,0.0,0.11
18-191,"Lamb, New Zealand, leg, whole, frozen, roasted, lean",MAE,206,30.6,9.3,4.0,0.0,0.0,0.0,0.155
18-192,"Lamb, New Zealand, leg, whole, frozen, roasted, lean and fat",MAE,243,29.0,14.1,6.5,0.0,0.0,0.0,0.158
18-193,"Lamb, New Zealand, leg, whole, frozen, roasted, lean and fat, weighed with bone",MAE,178,21.2,10.3,4.9,0.0,0.0,0.0,0.118
18-194,"Lamb, New Zealand, loin chops, frozen, grilled, lean",MAE,249,31.4,13.7,6.2,0.0,0.0,0.0,0.2
18-196,"Lamb, New Zealand, loin chops, frozen, grilled, lean and fat",MAE,364,26.9,28.5,13.5,0.0,0.0,0.0,0.19
18-197,"Lamb, New Zealand, loin chops, frozen, grilled, lean and fat, weighed with bone",MAE,287,21.2,22.5,10.7,0.0,0.0,0.0,0.15
18-195,"Lamb, New Zealand, loin chops, frozen, grilled, lean, weighed with fat and bone",MAE,147,18.5,8.1,3.7,0.0,0.0,0.0,0.15
18-198,"Lamb, New Zealand, mince, frozen, stewed",MAE,243,20.9,17.7,8.8,0.0,0.0,0.0,0.188
18-199,"Lamb, New Zealand, shoulder, whole, frozen, roasted, lean",MAE,251,27.6,15.6,7.1,0.0,0.0,0.0,0.202
18-200,"Lamb, New Zealand, shoulder, whole, frozen, roasted, lean and fat",MAE,350,24.6,27.9,13.3,0.0,0.0,0.0,0.198
18-168,"Lamb, rack of, lean, roasted",MAE,225,27.1,13.0,6.2,0.0,0.0,0.0,0.192
18-166,"Lamb, rack of, raw, lean and fat",MAE,283,17.3,23.8,11.5,0.0,0.0,0.0,0.152
18-167,"Lamb, rack of, raw, lean and fat, weighed with bone",MAE,204,12.5,17.1,8.3,0.0,0.0,0.0,0.11
18-169,"Lamb, rack of, roasted, lean and fat",MAE,363,23.0,30.1,14.8,0.0,0.0,0.0,0.188
18-177,"Lamb, shoulder joint, roasted, lean",MAE,235,28.4,13.5,6.2,0.0,0.0,0.0,0.188
18-178,"Lamb, shoulder joint, roasted, lean and fat",MAE,282,25.9,19.8,9.3,0.0,0.0,0.0,0.185
18-172,"Lamb, shoulder, diced, kebabs, grilled, lean and fat",MAE,288,28.5,19.3,9.0,0.0,0.0,0.0,0.218
18-173,"Lamb, shoulder, half bladeside, pot-roasted, lean",MAE,234,26.2,14.3,6.4,0.0,0.0,0.0,0.17
18-174,"Lamb, shoulder, half bladeside, pot-roasted, lean and fat",MAE,324,23.5,25.6,12.0,0.0,0.0,0.0,0.178
18-175,"Lamb, shoulder, half knuckle, braised, lean",MAE,212,25.1,12.4,5.4,0.0,0.0,0.0,0.19
18-176,"Lamb, shoulder, half knuckle, braised, lean and fat",MAE,302,22.9,23.4,10.8,0.0,0.0,0.0,0.19
18-170,"Lamb, shoulder, raw, lean and fat",MAE,235,17.6,18.3,8.5,0.0,0.0,0.0,0.158
18-171,"Lamb, shoulder, raw, lean and fat, weighed with bone",MAE,188,14.1,14.6,6.8,0.0,0.0,0.0,0.125
18-179,"Lamb, shoulder, whole, roasted, lean",MAE,218,27.2,12.1,5.5,0.0,0.0,0.0,0.2
18-180,"Lamb, shoulder, whole, roasted, lean and fat",MAE,298,24.7,22.1,10.4,0.0,0.0,0.0,0.2
18-181,"Lamb, shoulder, whole, roasted, lean and fat, weighed with bone",MAE,235,19.5,17.5,8.2,0.0,0.0,0.0,0.158
18-184,"Lamb, stewing, pressure cooked, lean",MAE,248,28.7,14.8,6.5,0.0,0.0,0.0,0.162
18-185,"Lamb, stewing, pressure cooked, lean and fat",MAE,291,25.7,20.9,9.6,0.0,0.0,0.0,0.158
18-182,"Lamb, stewing, raw, lean and fat",MAE,203,22.5,12.6,5.9,0.0,0.0,0.0,0.165
18-183,"Lamb, stewing, raw, lean and fat, weighed with bone",MAE,136,15.1,8.4,3.9,0.0,0.0,0.0,0.11
18-186,"Lamb, stewing, stewed, lean",MAE,240,26.6,14.8,6.5,0.0,0.0,0.0,0.122
18-187,"Lamb, stewing, stewed, lean and fat",MAE,279,24.4,20.1,9.2,0.0,0.0,0.0,0.125
19-600,"Lamb's heart casserole, homemade",MR,161,11.8,8.1,2.91,9.9,0.6,0.4,1.03
19-601,"Lancashire hotpot, homemade",MR,119,7.3,6.9,2.96,7.4,1.4,1.1,0.288
16-425,"Langoustine, boiled",JK,86,19.7,0.8,0.15,0.0,0.0,0.0,0.54
17-010,Lard,OF,891,0.0,99.0,40.3,0.0,0.0,0.0,0.005
19-481,"Lasagne, homemade",MR,180,9.6,9.6,4.18,15.2,2.8,1.0,0.588
19-482,"Lasagne, homemade, with extra lean minced beef",MR,160,10.1,7.0,3.13,15.2,2.8,1.0,0.592
19-523,"Lasagne, retail, reheated",MR,143,7.4,6.1,2.8,15.7,3.0,1.7,0.525
15-186,"Lasagne, spinach, wholemeal, homemade",DR,93,4.2,3.1,1.3,13.0,2.2,2.3,0.325
15-651,"Lasagne, vegetable, retail",DR,117,4.8,5.3,0.0,13.4,4.4,0.0,0.525
15-188,"Lasagne, vegetable, wholemeal, homemade",DR,106,4.8,4.6,2.2,12.4,3.0,2.1,0.275
12-373,"Lassi, sweetened",BN,65,2.6,0.9,0.59,12.3,11.9,0.0,0.112
15-190,Laverbread,DR,52,3.2,3.7,0.0,1.6,0.0,0.0,1.4
15-813,"Leeks in cheese sauce, made with semi-skimmed milk, homemade",DR,82,4.0,5.5,3.22,4.6,2.6,1.4,0.225
15-814,"Leeks in cheese sauce, made with skimmed milk, homemade",DR,79,4.0,5.0,2.94,4.6,2.6,1.4,0.228
15-815,"Leeks in cheese sauce, made with whole milk, homemade",DR,87,4.0,6.0,3.59,4.5,2.5,1.2,0.225
13-625,"Leeks, boiled in unsalted water",DG,16,1.2,0.2,0.03,2.5,2.3,1.9,0.002
13-624,"Leeks, raw",DG,23,1.5,0.2,0.04,4.1,3.8,2.8,0.0
13-626,"Leeks, roasted in rapeseed oil",DG,41,1.7,1.9,0.15,4.5,4.2,3.1,0.0
19-602,"Lemon chicken, homemade",MR,150,16.9,6.2,0.57,7.1,3.3,0.0,0.125
17-762,Lemon curd,SC,266,0.6,4.9,1.52,58.4,52.5,0.2,0.162
17-806,"Lemon curd, homemade",S,350,4.2,16.0,9.1,50.7,50.7,0.0,0.42
14-277,"Lemon juice, fresh",PE,7,0.3,0.0,0.0,1.6,1.6,0.1,0.002
14-278,"Lemon juice, fresh, weighed as whole fruit",FC,2,0.1,0.0,0.0,0.6,0.6,0.0,0.0
14-337,Lemon peel,FA,0,1.5,0.3,0.1,0.0,0.0,10.6,0.015
16-380,"Lemon sole, flesh only, grilled",JA,91,21.5,0.6,0.16,0.0,0.0,0.0,0.378
16-379,"Lemon sole, flesh only, raw",JA,73,16.7,0.7,0.16,0.0,0.0,0.0,0.288
16-478,"Lemon sole, flesh only, steamed",JA,95,21.7,0.9,0.21,0.0,0.0,0.0,0.375
16-496,"Lemon sole, flesh only, steamed, weighed with bones and skin",JA,73,16.7,0.7,0.16,0.0,0.0,0.0,0.288
16-087,"Lemon sole, goujons, baked",JA,187,16.0,14.6,0.0,14.7,0.9,0.0,0.5
17-179,Lemonade,PCA,22,0.0,0.0,0.0,5.8,5.8,0.0,0.018
17-807,"Lemonade, homemade",PCC,63,0.0,0.0,0.0,16.7,16.7,0.1,0.002
14-130,"Lemons, flesh only, raw, weighed with peel and pips",FA,9,0.5,0.2,0.1,1.4,1.4,0.0,0.005
14-129,"Lemons, peeled, flesh only",FA,14,0.8,0.3,0.1,2.2,2.2,0.0,0.008
14-128,"Lemons, whole, without pips",FA,19,1.0,0.3,0.1,3.2,3.2,0.0,0.012
15-200,"Lentil and nut roast, homemade",DR,222,10.6,12.1,1.8,18.8,2.7,3.8,0.65
15-201,"Lentil and nut roast, with egg, homemade",DR,218,10.8,12.1,1.9,17.6,2.6,3.6,0.625
15-817,"Lentil and potato pie, homemade",DR,111,5.3,2.2,0.4,18.6,1.4,2.3,0.78
15-818,"Lentil and rice roast, homemade",DR,131,5.1,1.8,0.19,25.2,1.1,1.7,0.315
15-819,"Lentil and rice roast, with egg, homemade",DR,131,5.5,2.1,0.29,24.1,1.1,1.6,0.318
15-820,"Lentil cutlets, fried in vegetable oil, homemade",DR,199,8.5,8.3,0.57,24.2,1.2,1.7,0.062
15-821,"Lentil pie, homemade",DR,175,6.9,4.3,0.28,29.1,4.2,0.0,0.21
15-198,"Lentil roast, homemade",DR,139,7.7,3.0,0.4,21.9,2.5,3.4,0.7
15-199,"Lentil roast, with egg, homemade",DR,141,8.2,3.6,0.6,20.3,2.3,3.1,0.675
13-661,"Lentils, green and brown, whole, dried, boiled in unsalted water",DB,92,7.8,0.7,0.1,14.5,0.2,7.4,0.0
13-089,"Lentils, green and brown, whole, dried, raw",DB,297,24.3,1.9,0.2,48.8,1.2,8.9,0.03
13-658,"Lentils, red, split, dried, boiled in unsalted water",DB,102,8.1,0.7,0.0,16.9,0.4,6.3,0.0
13-657,"Lentils, red, split, dried, raw",DB,311,25.6,1.8,0.28,51.2,1.3,17.4,0.0
13-520,"Lettuce, average, raw",DG,11,1.2,0.1,0.03,1.4,1.4,1.5,0.022
17-201,"Lime juice cordial, diluted",PCC,22,0.0,0.0,0.0,6.0,6.0,0.0,0.005
17-200,"Lime juice cordial, undiluted",PCC,112,0.1,0.0,0.0,29.8,29.8,0.0,0.02
14-279,"Lime juice, fresh",FC,9,0.4,0.1,0.0,1.6,1.6,0.1,0.002
14-131,"Limes, flesh only",FA,9,0.7,0.3,0.1,0.8,0.8,0.0,0.005
14-132,"Limes, flesh only, weighed with peel and pips",FA,6,0.5,0.2,0.0,0.6,0.6,0.0,0.002
16-091,"Ling, raw",JA,82,18.8,0.7,0.0,0.0,0.0,0.0,0.3
17-768,"Liqueurs, cream",QI,305,3.0,13.0,8.2,21.8,21.8,0.0,0.222
17-244,"Liqueurs, high strength",QI,314,0.0,0.0,0.0,24.4,24.4,0.0,0.015
17-245,"Liqueurs, low-medium strength",QI,262,0.0,0.0,0.0,32.8,32.8,0.0,0.03
17-777,Liquorice allsorts,SEC,349,3.7,5.2,3.6,76.7,62.4,2.0,0.142
13-833,Liquorice powder,H,0,6.3,1.7,0.0,0.0,0.0,0.0,0.0
19-603,"Liver and bacon, fried, homemade",MR,247,28.9,14.7,0.0,0.0,0.0,0.0,0.868
19-604,"Liver and onions, stewed, homemade",MR,142,14.7,6.9,1.34,5.4,4.3,1.5,0.132
19-106,Liver sausage,MI,226,13.4,16.7,5.3,6.0,1.0,0.7,2.025
18-410,"Liver, calf, fried in corn oil",MG,176,22.3,9.6,0.0,0.0,0.0,0.0,0.175
18-409,"Liver, calf, raw",MG,104,18.3,3.4,1.0,0.0,0.0,0.0,0.178
18-412,"Liver, chicken, fried in corn oil",MG,169,22.1,8.9,0.0,0.0,0.0,0.0,0.198
18-411,"Liver, chicken, raw",MG,92,17.7,2.3,0.7,0.0,0.0,0.0,0.19
18-494,"Liver, lamb, fried in corn oil",MG,237,30.1,12.9,0.0,0.0,0.0,0.0,0.205
18-413,"Liver, lamb, raw",MG,137,20.3,6.2,1.7,0.0,0.0,0.0,0.182
18-415,"Liver, ox, raw",MG,155,21.1,7.8,2.9,0.0,0.0,0.0,0.202
18-416,"Liver, ox, stewed",MG,198,24.8,9.5,3.5,3.6,0.0,0.0,0.275
18-417,"Liver, pig, raw",MG,113,21.3,3.1,1.0,0.0,0.0,0.0,0.205
18-418,"Liver, pig, stewed",MG,189,25.6,8.1,2.5,3.6,0.0,0.0,0.325
16-332,"Lobster, boiled",JK,103,22.1,1.6,0.2,0.0,0.0,0.0,0.825
16-343,"Lobster, boiled, weighed with shell",JK,37,8.0,0.6,0.1,0.0,0.0,0.0,0.3
14-133,"Loganberries, raw",FA,17,1.1,0.0,0.0,3.4,3.4,2.5,0.008
14-134,"Loganberries, stewed with sugar",FA,50,0.8,0.0,0.0,12.5,12.5,2.0,0.005
14-135,"Loganberries, stewed without sugar",FA,14,0.9,0.0,0.0,2.9,2.9,2.1,0.005
12-390,"Lollies, containing ice-cream",BP,118,1.4,3.8,2.07,20.9,20.9,0.0,0.078
12-389,"Lollies, with real fruit juice",BP,73,0.1,0.3,0.0,18.6,17.8,0.0,0.028
14-138,"Longans, canned in syrup, drained",FA,67,0.4,0.3,0.1,17.1,17.0,0.0,0.132
14-139,"Longans, canned in syrup, whole contents",FA,63,0.3,0.2,0.0,16.5,16.4,0.0,0.102
14-137,"Longans, flesh only, dried",FA,286,4.9,0.4,0.1,72.0,71.5,0.0,0.12
14-140,"Loquats, flesh only, raw",FA,28,0.7,0.2,0.0,6.3,6.3,0.0,0.002
13-271,"Lotus tubers, raw",DG,51,2.1,0.1,0.0,11.0,5.5,0.0,0.072
17-761,Lucozade,PCA,60,0.0,0.0,0.0,16.0,11.1,0.0,0.065
19-136,"Luncheon meat, Chinese, steamed",MI,288,11.9,22.3,0.0,10.5,0.0,0.0,1.7
14-143,"Lychees, flesh only, raw, weighed with skin and stone",FA,36,0.5,0.1,0.0,8.9,8.9,0.4,0.002
14-142,"Lychees, raw, flesh only",FA,58,0.9,0.1,0.0,14.3,14.3,0.7,0.002
14-891,"Macadamia nuts, salted",G,748,7.9,77.6,11.2,4.8,4.0,5.3,1.0
11-954,"Macaroni cheese, homemade",AD,183,7.8,8.6,4.47,19.8,2.8,1.1,0.372
12-951,"Macaroon, homemade",CDH,442,9.9,17.8,1.41,64.0,62.0,2.4,0.145
13-834,"Mace, ground",H,0,6.7,32.4,9.5,0.0,0.0,0.0,0.2
16-394,"Mackerel, flesh only, grilled",JC,283,20.3,22.4,5.1,0.0,0.0,0.0,0.408
16-479,"Mackerel, flesh only, grilled, fillets weighed with bones and skin",JC,278,19.9,22.0,5.0,0.0,0.0,0.0,0.4
16-393,"Mackerel, flesh only, raw",JC,233,18.0,17.9,3.85,0.0,0.0,0.0,0.382
16-414,"Mackerel, flesh only, smoked",JC,301,21.1,24.1,5.04,0.0,0.0,0.0,1.865
17-651,Maltesers and similar products,SEA,476,7.6,23.3,14.16,63.0,55.5,1.7,0.39
14-145,"Mammie apple, flesh only",FA,60,0.5,0.4,0.0,14.4,14.4,0.0,0.038
14-146,"Mandarin oranges, canned in juice, whole contents",FA,32,0.7,0.0,0.0,7.7,7.7,0.3,0.015
13-273,"Mango, unripe, green flesh, raw",DG,46,0.5,0.2,0.1,11.2,5.6,2.9,0.062
14-378,"Mangoes, ripe, flesh only, raw",FA,48,0.7,0.6,0.15,10.7,10.4,1.1,0.01
14-379,"Mangoes, ripe, flesh only, raw, weighed with skin and stone",FA,30,0.4,0.4,0.09,6.7,6.5,0.7,0.005
14-151,"Mangosteen, flesh only",FA,73,0.6,0.5,0.0,16.4,16.1,0.0,0.002
13-835,"Marjoram, dried",H,271,12.7,7.0,0.0,42.5,0.0,0.0,0.192
17-078,Marmalade,SC,261,0.1,0.0,0.0,69.5,69.5,0.5,0.16
13-276,"Marrow, boiled in unsalted water",DG,9,0.4,0.2,0.0,1.6,1.4,0.6,0.002
13-277,"Marrow, parwal, raw",DG,14,1.6,0.0,0.0,2.1,0.8,0.0,0.01
13-274,"Marrow, raw",DG,12,0.5,0.2,0.0,2.2,2.1,0.5,0.002
17-668,Mars bar and own brand equivalents,SEA,404,4.1,15.3,7.31,66.6,63.3,1.5,0.435
17-114,Marshmallows,SEC,327,3.9,0.0,0.0,83.1,64.5,0.0,0.072
14-893,"Marzipan, homemade",GA,460,10.4,25.7,2.17,50.1,48.7,3.3,0.055
14-875,"Marzipan, white and yellow, retail",GA,389,5.3,12.7,1.03,67.6,67.6,2.4,0.05
13-588,"Matoki, boiled in unsalted water",DG,91,1.3,0.2,0.1,22.3,0.6,1.5,0.005
13-279,"Matoki, raw",DG,90,1.2,0.2,0.1,22.3,0.9,1.5,0.005
17-809,"Mayonnaise, homemade",WC,786,1.7,84.2,12.2,0.1,0.1,0.0,0.048
17-679,"Mayonnaise, reduced fat",WCG,288,1.0,28.1,2.12,8.2,4.6,0.0,0.0
17-654,"Mayonnaise, standard, retail",WCG,686,1.1,74.8,5.65,2.4,2.4,0.0,0.328
15-822,"Mchicha, homemade",DR,73,3.6,4.7,0.35,4.0,3.0,3.3,0.428
19-605,"Meat loaf, homemade",MR,213,16.6,10.9,4.01,12.7,1.5,0.4,0.385
19-326,"Meat samosas, takeaway",MR,272,11.4,17.3,4.45,18.9,1.9,2.4,1.022
19-506,Meat spread,MI,192,15.7,13.4,5.5,2.3,0.2,2.2,1.45
19-613,"Meatballs, pork and beef, in tomato sauce, homemade",MR,123,10.0,7.2,2.69,4.6,2.8,0.9,0.15
14-152,"Medlars, flesh only",FA,42,0.5,0.0,0.0,10.6,10.6,0.0,0.015
14-826,Melon seeds,GA,583,28.5,47.7,12.0,9.9,0.0,0.0,0.248
14-339,"Melon, Canteloupe-type, flesh only",FA,19,0.6,0.1,0.0,4.2,4.2,1.8,0.02
14-352,"Melon, Canteloupe-type, flesh only, weighed whole",FA,12,0.4,0.1,0.0,2.5,2.5,1.1,0.012
14-353,"Melon, Canteloupe-type, flesh only, weighed with skin",FA,13,0.4,0.1,0.0,2.8,2.8,1.2,0.012
14-354,"Melon, flesh only, average",FA,24,0.5,0.1,0.0,5.5,5.5,1.3,0.042
14-355,"Melon, flesh only, average, weighed whole",FA,15,0.3,0.1,0.0,3.5,3.5,0.8,0.028
14-356,"Melon, flesh only, average, weighed with skin",FA,16,0.3,0.1,0.0,3.7,3.7,0.9,0.028
14-159,"Melon, Galia, flesh only",FA,24,0.5,0.1,0.0,5.6,5.6,0.4,0.078
14-160,"Melon, Galia, flesh only, weighed whole",FA,16,0.3,0.1,0.0,3.6,3.6,0.3,0.05
14-161,"Melon, Galia, flesh only, weighed with skin",FA,16,0.3,0.1,0.0,3.8,3.8,0.3,0.052
14-357,"Melon, Honeydew, flesh only, weighed whole",FA,17,0.3,0.1,0.02,4.0,4.0,0.4,0.015
14-358,"Melon, Honeydew, flesh only, weighed with skin",FA,18,0.3,0.1,0.02,4.3,4.3,0.4,0.018
14-296,"Melon, watermelon, flesh only",FA,31,0.5,0.3,0.1,7.1,7.1,0.1,0.005
14-309,"Melon, watermelon, flesh only, weighed whole",FA,18,0.3,0.2,0.0,4.0,4.0,0.1,0.002
14-328,"Melon, yellow flesh, flesh only",FA,29,0.5,0.1,0.03,6.8,6.8,0.7,0.028
12-517,"Meringue, homemade",BR,385,6.3,0.0,0.0,96.0,96.0,0.0,0.282
12-585,"Meringue, with cream, homemade",BR,331,2.9,24.2,15.14,27.2,27.2,0.0,0.112
15-628,"Methi aloo, homemade",DR,142,2.7,10.4,1.06,10.1,1.5,2.9,1.342
11-1091,"Milk bread, homemade",AF,289,8.8,7.0,2.47,50.8,2.1,2.0,0.19
12-513,"Milk drink, fermented, with probiotics",BH,70,3.0,1.2,0.78,12.7,12.3,0.1,0.05
17-733,"Milk shake, powder",PAA,388,1.3,1.6,0.0,98.3,98.3,0.0,0.05
12-589,"Milk shake, powder, made up with semi-skimmed milk",BH,70,3.3,1.7,0.0,11.2,11.2,0.0,0.102
12-590,"Milk shake, powder, made up with skimmed milk",BH,59,3.3,0.3,0.0,11.3,11.3,0.0,0.108
12-591,"Milk shake, powder, made up with whole milk",BH,86,3.3,3.5,0.0,11.1,11.1,0.0,0.1
12-512,"Milk, 1% fat, pasteurised",BA,41,3.5,1.0,0.6,4.8,4.8,0.0,0.11
12-321,"Milk, Channel Islands, whole, pasteurised",BAB,72,3.5,4.7,3.02,4.3,4.3,0.0,0.098
12-322,"Milk, Channel islands, whole, summer",BAB,73,3.9,4.7,2.99,4.1,4.1,0.0,0.098
12-323,"Milk, Channel islands, whole, winter",BAB,72,3.2,4.7,3.25,4.4,4.4,0.0,0.098
12-520,"Milk, condensed, whole, sweetened",BAR,310,7.4,8.0,4.99,55.5,55.5,0.0,0.225
12-324,"Milk, evaporated, light",BAR,107,7.8,4.1,2.5,10.3,10.3,0.0,0.288
12-522,"Milk, evaporated, whole",BAR,166,8.4,9.4,5.9,12.7,12.7,0.0,0.45
12-535,"Milk, flavoured, pasteurised, chocolate",BAR,72,3.6,1.5,0.99,11.7,11.0,0.0,0.112
12-326,"Milk, flavoured, pasteurised, strawberry, banana",BAR,64,3.6,1.5,1.02,9.6,8.9,0.0,0.13
12-328,"Milk, goats, pasteurised",BC,62,3.1,3.7,2.37,4.4,4.4,0.0,0.105
12-038,"Milk, human, colostrum",BC,56,2.0,2.6,1.1,6.6,6.6,0.0,0.118
12-536,"Milk, human, mature",BC,69,1.3,4.1,1.92,7.2,7.2,0.0,0.038
12-039,"Milk, human, transitional",BC,67,1.5,3.7,1.5,6.9,6.9,0.0,0.075
12-313,"Milk, semi-skimmed, pasteurised, average",BAH,46,3.5,1.7,1.07,4.7,4.7,0.0,0.108
12-418,"Milk, semi-skimmed, pasteurised, summer and autumn",BAH,46,3.5,1.7,1.01,4.5,4.5,0.0,0.108
12-419,"Milk, semi-skimmed, pasteurised, winter and spring",BAH,47,3.4,1.7,0.98,4.9,4.9,0.0,0.108
12-314,"Milk, semi-skimmed, UHT",BAH,46,3.3,1.6,1.1,4.9,4.9,0.0,0.125
12-329,"Milk, sheeps, raw",BC,93,5.4,5.8,3.58,5.1,5.1,0.0,0.11
12-521,"Milk, skimmed, dried, fortified",BAR,348,36.1,0.6,0.4,52.9,52.9,0.0,1.375
12-307,"Milk, skimmed, pasteurised, average",BAE,34,3.5,0.3,0.13,4.8,4.8,0.0,0.11
12-308,"Milk, skimmed, pasteurised, summer",BAE,32,3.5,0.2,0.1,4.4,4.4,0.0,0.122
12-309,"Milk, skimmed, pasteurised, winter",BAE,32,3.5,0.2,0.1,4.2,4.2,0.0,0.105
12-554,"Milk, skimmed, UHT",BAE,33,3.4,0.1,0.0,4.9,4.9,0.0,0.1
12-523,"Milk, soya, non-dairy alternative to milk, sweetened, fortified",BC,43,3.1,2.4,0.38,2.5,2.2,0.5,0.14
12-524,"Milk, soya, non-dairy alternative to milk, unsweetened, fortified",BC,26,2.4,1.6,0.24,0.5,0.2,0.5,0.0
12-596,"Milk, whole, pasteurised, average",BAK,63,3.4,3.6,2.29,4.6,4.6,0.0,0.105
12-598,"Milk, whole, pasteurised, summer and autumn",BAK,61,3.4,3.6,2.29,4.1,4.1,0.0,0.112
12-597,"Milk, whole, pasteurised, winter and spring",BAK,64,3.3,3.6,2.29,5.0,5.0,0.0,0.1
12-320,"Milk, whole, UHT",BAK,66,3.2,3.9,2.36,4.8,4.8,0.0,0.138
12-327,"Milkshake, thick, takeaway",BAR,88,3.7,1.8,1.21,15.3,11.1,0.0,0.142
17-669,Milky Way and own brand equivalents,SEA,444,3.8,15.7,7.73,76.6,69.7,1.0,0.55
11-1092,"Mince pies, homemade, individual",AP,436,4.2,23.5,0.0,55.5,29.0,1.8,0.405
11-848,"Mince pies, retail",AS,377,3.8,14.9,5.97,60.7,35.5,2.6,0.252
17-765,Mincemeat,SC,274,0.6,4.3,0.0,62.1,62.1,1.3,0.045
17-852,"Mincemeat, vegetarian, homemade",S,306,1.7,9.5,4.4,43.8,42.5,1.4,0.15
11-825,"Minibreads, toasted, retail",AM,423,10.5,13.6,3.22,68.9,3.3,4.2,2.162
17-707,Mint sauce,WCN,101,1.6,0.0,0.0,21.5,21.5,0.0,1.2
17-811,"Mint sauce, homemade",WC,85,0.8,0.1,0.0,19.4,0.0,0.0,0.012
13-837,"Mint, dried",H,279,24.8,4.6,0.0,34.6,0.0,0.0,0.245
13-836,"Mint, fresh",H,43,3.8,0.7,0.0,5.3,0.0,0.0,0.038
13-886,Mixed curry spices,H,0,13.2,13.3,0.0,0.0,0.0,0.0,2.885
13-884,"Mixed herbs, dried",H,261,12.1,8.5,0.0,36.3,0.0,0.0,0.202
17-059,Molasses,SC,266,0.0,0.1,0.0,68.8,59.4,0.0,0.092
16-093,"Monkfish, flesh only, grilled",JA,96,22.7,0.6,0.1,0.0,0.0,0.0,0.065
16-094,"Monkfish, flesh only, grilled, weighed with bones",JA,74,17.5,0.4,0.1,0.0,0.0,0.0,0.05
16-092,"Monkfish, flesh only, raw",JA,66,15.7,0.4,0.1,0.0,0.0,0.0,0.045
11-912,"Mooli paratha, homemade",AF,171,5.9,2.3,0.41,33.8,1.8,4.8,0.988
19-609,"Moussaka, homemade",MR,128,8.5,8.0,3.39,4.5,2.7,1.0,0.18
19-507,"Moussaka, retail, reheated",MR,140,8.3,8.3,2.9,8.6,2.0,1.9,0.7
15-734,"Moussaka, vegetable, homemade",DR,133,4.4,8.6,2.4,8.7,2.4,1.2,0.17
15-652,"Moussaka, vegetable, retail",DR,98,5.9,4.9,0.0,8.0,4.5,0.0,0.525
12-401,"Mousse, chocolate, low fat",BR,123,5.5,3.7,2.54,18.0,15.8,0.0,0.172
12-402,"Mousse, fruit",BR,143,4.5,6.4,4.11,18.0,18.0,0.0,0.155
11-781,"Muesli, Swiss style, no added sugar or salt, unfortified",AI,357,9.8,5.9,1.19,70.7,13.0,8.5,0.165
11-780,"Muesli, Swiss style, unfortified",AI,366,9.2,6.3,1.27,72.6,21.3,8.8,0.345
11-1094,"Muffins, American style, chocolate chip, homemade",AN,384,6.3,17.5,10.37,53.6,28.2,1.3,0.658
11-737,"Muffins, American, chocolate, retail",AN,436,5.5,25.4,4.83,49.5,30.9,1.0,0.99
11-738,"Muffins, American, not chocolate, retail",AN,375,5.0,19.5,2.4,47.8,27.7,1.8,0.625
11-1095,"Muffins, bran, homemade",AP,263,8.2,7.0,3.5,44.5,17.3,9.2,0.878
11-541,"Muffins, English style, white",AP,223,10.0,1.9,0.38,44.2,3.4,2.6,1.078
11-542,"Muffins, English style, white, toasted",AP,261,11.3,2.7,0.43,51.0,3.8,3.0,1.232
14-168,"Mulberries, whole fruit, raw",FA,36,1.3,0.0,0.0,8.1,8.1,0.0,0.005
14-169,"Mulberries, whole fruit, stewed with sugar",FA,65,1.0,0.0,0.0,16.2,16.2,0.0,0.002
14-170,"Mulberries, whole fruit, stewed without sugar",FA,30,1.1,0.0,0.0,6.9,6.9,0.0,0.002
16-096,"Mullet, Grey, flesh only, grilled",JA,150,25.7,5.2,1.4,0.0,0.0,0.0,0.21
16-095,"Mullet, Grey, flesh only, raw",JA,115,19.8,4.0,1.1,0.0,0.0,0.0,0.162
16-097,"Mullet, Grey, grilled, weighed with bones and skin",JA,82,14.1,2.9,0.8,0.0,0.0,0.0,0.115
16-099,"Mullet, Red, flesh only, grilled",JA,121,20.4,4.4,0.0,0.0,0.0,0.0,0.275
16-100,"Mullet, Red, flesh only, grilled, weighed with bones and skin",JA,57,9.6,2.1,0.0,0.0,0.0,0.0,0.125
16-098,"Mullet, Red, flesh only, raw",JA,109,18.7,3.8,0.0,0.0,0.0,0.0,0.228
17-416,"Mushroom, dried",DI,159,21.8,6.0,1.2,4.8,3.6,13.3,0.15
13-288,"Mushrooms, Chinese, dried, raw",DG,284,10.0,1.8,0.0,59.9,0.0,0.0,0.095
13-289,"Mushrooms, Jew's ear, tender, dried, raw",DG,279,6.9,1.0,0.0,62.4,0.0,0.0,0.158
13-290,"Mushrooms, Jew's ear, tender, dried, soaked, raw",DG,29,0.7,0.7,0.0,5.7,0.0,0.0,0.002
13-291,"Mushrooms, Jew's ear, tough, dried, raw",DG,325,4.8,2.0,0.0,68.7,0.0,0.0,0.325
13-292,"Mushrooms, Jew's ear, tough, dried, soaked, raw",DG,76,1.1,0.2,0.0,15.1,0.0,0.0,0.088
13-293,"Mushrooms, oyster, raw",DG,8,1.6,0.2,0.0,0.0,0.0,0.0,0.192
13-295,"Mushrooms, shiitake, cooked",DG,55,1.6,0.2,0.1,12.3,0.0,0.0,0.01
13-294,"Mushrooms, shiitake, dried, raw",DG,296,9.6,1.0,0.2,63.9,0.0,0.0,0.032
13-546,"Mushrooms, white, fried in corn oil",DG,106,1.4,11.0,1.6,0.4,0.4,1.0,0.015
13-507,"Mushrooms, white, fried in rapeseed oil",DG,106,1.4,11.0,0.75,0.4,0.4,1.0,0.015
13-545,"Mushrooms, white, fried in salted butter",DG,106,1.4,11.0,7.36,0.4,0.4,1.0,0.375
13-505,"Mushrooms, white, raw",DG,7,1.0,0.2,0.04,0.3,0.3,0.7,0.01
13-506,"Mushrooms, white, stewed in unsalted water",DG,9,1.4,0.3,0.08,0.1,0.0,2.6,0.008
16-411,"Mussels in white wine sauce, cooked",JM,82,9.7,3.2,1.26,3.7,0.8,0.0,1.52
16-390,"Mussels, purchased cooked",JM,104,17.7,2.2,0.34,3.5,0.0,0.0,1.002
16-497,"Mussels, raw",JM,74,12.1,1.8,0.4,2.5,0.0,0.0,0.725
13-297,"Mustard and cress, raw",DG,13,1.6,0.6,0.0,0.4,0.4,1.1,0.048
13-299,"Mustard leaves, boiled in unsalted water",DG,17,2.0,0.2,0.0,1.9,0.5,0.0,0.04
13-298,"Mustard leaves, raw",DG,27,2.5,0.3,0.0,3.6,0.8,0.0,0.062
17-362,Mustard powder,WY,452,28.9,28.7,1.5,20.7,0.0,0.0,0.012
13-839,Mustard seeds,H,0,24.9,28.8,1.5,0.0,0.0,0.0,0.012
17-363,"Mustard, powder, made up",WY,226,14.5,14.4,0.8,10.4,0.0,0.0,0.008
17-364,"Mustard, smooth",WY,139,7.1,8.2,0.5,9.7,7.8,0.0,7.375
17-365,"Mustard, wholegrain",WY,140,8.2,10.2,0.6,4.2,3.9,4.9,4.05
14-380,"Nectarines, flesh and skin, raw",FA,43,1.0,0.3,0.02,9.8,9.8,1.3,0.0
14-381,"Nectarines, flesh and skin, raw, weighed with stones",FA,40,0.9,0.3,0.02,9.0,9.0,1.2,0.0
11-719,"Noodles, egg, dried, raw",AD,338,12.0,2.0,0.31,72.6,1.7,3.9,1.25
11-941,"Noodles, egg, fine, dried, boiled in unsalted water",AD,129,4.7,0.8,0.12,27.5,0.0,2.3,0.272
11-1096,"Noodles, egg, fried with spring onions, homemade",AD,244,5.0,12.2,0.88,30.5,0.2,2.0,0.3
11-724,"Noodles, egg, medium, dried, boiled in unsalted water",AD,166,5.8,1.0,0.15,35.7,0.0,3.0,0.352
11-942,"Noodles, egg, thick, dried, boiled in unsalted water",AD,143,5.0,0.9,0.13,30.7,0.0,2.6,0.302
11-725,"Noodles, rice, fine, dried, boiled in unsalted water",AD,89,1.9,0.2,0.05,21.3,0.0,1.1,0.01
17-814,"Nougat, homemade",SEC,413,5.2,10.2,1.61,80.0,79.6,1.1,0.288
15-216,"Nut and rice roast, mixed nuts with egg, homemade",DR,333,12.1,21.9,3.5,23.5,2.7,3.5,1.05
15-215,"Nut and rice roast, mixed nuts, homemade",DR,346,12.0,22.6,3.5,25.2,2.9,3.7,1.1
15-218,"Nut and seed roast, mixed nuts and sunflower seeds with egg, homemade",DR,335,13.0,23.9,3.4,18.1,2.7,3.9,0.75
15-217,"Nut and seed roast, mixed nuts and sunflower seeds, homemade",DR,349,12.9,24.9,3.4,19.6,2.9,4.2,0.775
15-220,"Nut and vegetable roast, mixed nuts with egg, homemade",DR,304,11.3,21.2,3.3,18.3,3.6,3.6,0.725
15-219,"Nut and vegetable roast, mixed nuts, homemade",DR,314,11.1,21.9,3.2,19.6,3.8,3.9,0.75
15-208,"Nut croquettes, fried in sunflower oil, homemade",DR,351,9.3,26.2,3.6,21.6,2.5,3.4,0.55
15-209,"Nut croquettes, fried in vegetable oil, homemade",DR,351,9.3,26.2,3.4,21.6,2.5,3.4,0.55
15-210,"Nut cutlets, retail, fried in sunflower oil",DR,289,4.8,22.3,2.5,18.7,1.3,1.7,0.525
15-211,"Nut cutlets, retail, fried in vegetable oil",DR,289,4.8,22.3,2.4,18.7,1.3,1.7,0.525
15-212,"Nut cutlets, retail, grilled",DR,212,5.1,13.0,1.4,19.9,1.4,1.8,0.55
15-643,"Nut roast, homemade",DR,335,13.2,23.5,3.63,18.8,4.1,4.0,0.385
15-214,"Nut roast, mixed nuts with egg, homemade",DR,338,13.3,24.7,3.9,16.9,3.0,3.9,0.825
15-221,"Nut, mushroom and rice roast, homemade",DR,260,7.8,15.3,2.2,24.3,2.8,2.7,0.725
13-877,"Nutmeg, ground",H,0,5.8,36.3,25.9,0.0,28.5,20.8,0.04
14-880,"Nuts, mixed",GA,581,23.8,49.1,7.72,11.6,5.6,6.2,0.012
11-1100,"Oatcakes, homemade",AM,411,9.5,15.9,6.76,61.4,0.3,6.8,0.438
11-823,"Oatcakes, plain, retail",AM,453,9.3,20.0,5.67,62.8,3.2,9.4,1.99
16-259,"Octopus, raw",JM,83,17.9,1.3,0.3,0.0,0.0,0.0,0.0
17-031,"Oil, coconut",OC,899,0.0,99.9,86.5,0.0,0.0,0.0,0.0
17-488,"Oil, cod liver",OC,899,0.0,99.9,21.1,0.0,0.0,0.0,0.0
17-033,"Oil, corn",OC,899,0.0,99.9,14.4,0.0,0.0,0.0,0.0
17-034,"Oil, cottonseed",OC,891,0.0,99.0,26.1,0.0,0.0,0.0,0.0
17-035,"Oil, evening primrose",OC,899,0.0,99.9,7.8,0.0,0.0,0.0,0.0
17-036,"Oil, grapeseed",OC,899,0.0,99.9,11.1,0.0,0.0,0.0,0.0
17-037,"Oil, hazelnut",OC,899,0.0,99.9,7.8,0.0,0.0,0.0,0.0
17-038,"Oil, olive",OC,899,0.0,99.9,14.3,0.0,0.0,0.0,0.0
17-039,"Oil, palm",OC,899,0.0,99.9,47.8,0.0,0.0,0.0,0.0
17-040,"Oil, peanut (groundnut)",OC,899,0.0,99.9,20.0,0.0,0.0,0.0,0.0
17-041,"Oil, rapeseed",OC,899,0.0,99.9,6.6,0.0,0.0,0.0,0.0
17-042,"Oil, safflower",OC,899,0.0,99.9,9.7,0.0,0.0,0.0,0.0
17-043,"Oil, sesame",OC,898,0.2,99.7,14.6,0.0,0.0,0.0,0.005
17-044,"Oil, soya",OC,899,0.0,99.9,15.6,0.0,0.0,0.0,0.0
17-045,"Oil, sunflower",OC,899,0.0,99.9,12.0,0.0,0.0,0.0,0.0
17-686,"Oil, vegetable, average",OC,899,0.0,99.9,6.6,0.0,0.0,0.0,0.0
17-047,"Oil, walnut",OC,899,0.0,99.9,9.1,0.0,0.0,0.0,0.0
17-048,"Oil, wheatgerm",OC,899,0.0,99.9,18.6,0.0,0.0,0.0,0.0
15-824,"Okra with tomatoes and onion, Greek, homemade",DR,180,2.8,16.7,2.53,5.0,4.2,4.1,0.02
15-825,"Okra with tomatoes and onion, West Indian, homemade",DR,98,3.0,7.7,0.74,4.7,4.0,4.2,0.062
13-652,"Okra, boiled in unsalted water",DG,16,1.8,0.2,0.07,1.9,1.4,3.1,0.012
13-300,"Okra, raw",DG,31,2.8,1.0,0.3,3.0,2.5,4.0,0.02
13-302,"Okra, stir-fried in corn oil",DG,269,4.3,26.1,3.3,4.4,3.6,6.3,0.032
14-340,"Olives, green, in brine, drained, flesh and skin",FA,103,0.9,11.0,1.7,0.0,0.0,2.9,3.325
14-359,"Olives, green, in brine, drained, flesh and skin, weighed with stones",FA,82,0.7,8.8,1.4,0.0,0.0,2.3,2.66
12-947,"Omelette, cheese, homemade",CD,268,15.9,22.7,9.55,0.0,0.0,0.0,0.842
12-956,"Omelette, curried, homemade",CDE,370,8.4,36.0,20.52,3.5,1.4,1.6,0.96
12-946,"Omelette, plain, homemade",CD,191,10.9,16.4,3.22,0.0,0.0,0.0,0.34
12-957,"Omelette, Spanish, homemade",CD,112,5.6,7.6,1.19,5.9,3.2,1.3,0.138
17-815,"Onion sauce, made with semi-skimmed milk, homemade",WCD,88,3.0,4.7,1.88,9.0,4.8,1.0,0.162
17-816,"Onion sauce, made with skimmed milk, homemade",WCD,80,3.1,3.8,1.25,9.0,4.8,1.0,0.165
17-817,"Onion sauce, made with whole milk, homemade",WCD,91,3.3,5.5,2.68,7.8,4.8,0.7,0.148
13-589,"Onions, baked",DG,43,1.2,0.2,0.0,9.9,7.7,2.7,0.01
13-500,"Onions, boiled in unsalted water",DG,25,0.7,0.3,0.0,5.4,4.2,2.3,0.005
13-590,"Onions, dried, raw",DG,309,8.8,1.2,0.0,70.2,54.4,19.3,0.25
13-611,"Onions, fried in butter",D,95,1.2,5.3,3.5,11.2,8.6,3.0,0.0
13-592,"Onions, fried in corn oil",DG,95,1.2,5.3,0.74,11.2,8.6,3.0,0.01
13-593,"Onions, fried in lard",DG,95,1.2,5.3,2.08,11.2,8.6,3.0,0.008
13-591,"Onions, fried in rapeseed oil",DG,95,1.2,5.3,0.34,11.2,8.6,3.0,0.01
13-501,"Onions, fried in sunflower oil",DG,95,1.2,5.3,0.62,11.2,8.6,3.0,0.01
13-309,"Onions, pickled, drained",DG,24,0.9,0.2,0.0,4.9,3.5,1.6,1.125
13-499,"Onions, raw",DG,35,1.0,0.1,0.0,8.0,6.2,2.2,0.008
14-330,"Orange juice, ambient, UHT",FC,34,0.6,0.0,0.0,8.5,8.5,0.2,0.008
14-329,"Orange juice, chilled",FC,36,0.9,0.0,0.0,8.6,8.6,0.2,0.002
14-369,"Orange juice, freshly squeezed",FC,33,0.6,0.0,0.0,8.1,8.1,0.1,0.005
14-370,"Orange juice, freshly squeezed, weighed as whole fruit",FC,15,0.3,0.0,0.0,3.7,3.7,0.0,0.002
16-199,"Orange roughy, raw",JC,126,14.7,7.0,0.3,0.0,0.0,0.0,0.192
14-327,"Oranges, flesh only",FA,36,0.8,0.2,0.05,8.2,8.2,1.2,0.002
14-360,"Oranges, flesh only, weighed with peel and pips",FA,27,0.8,0.2,0.04,5.8,5.8,1.2,0.0
13-878,"Oregano, dried, ground",H,0,9.0,4.3,1.55,0.0,4.1,42.5,0.062
13-891,"Oregano, fresh",H,0,1.8,0.9,0.23,0.0,0.8,8.6,0.012
14-177,"Ortaniques, flesh only",FA,49,1.0,0.2,0.0,11.7,11.7,1.7,0.012
17-818,"Ovaltine powder, made up with semi-skimmed milk",PAA,81,3.9,1.7,1.11,13.4,9.5,0.5,0.128
17-819,"Ovaltine powder, made up with skimmed milk",PAA,70,3.9,0.4,0.27,13.5,9.6,0.5,0.132
17-820,"Ovaltine powder, made up with whole milk",PAA,96,3.8,3.4,2.19,13.3,9.4,0.5,0.128
17-734,"Ovaltine, powder",PAA,358,7.3,1.9,1.4,83.1,48.3,4.3,0.3
18-420,"Oxtail, meat only, stewed with added salt",MG,243,30.5,13.4,0.0,0.0,0.0,0.0,0.475
50-494,"Oxtail, meat only, stewed, weighed with fat and bones",MG,92,11.6,5.1,0.0,0.0,0.0,0.0,0.18
18-419,"Oxtail, raw",MG,171,20.0,10.1,4.2,0.0,0.0,0.0,0.275
16-260,"Oysters, raw",JM,65,10.8,1.3,0.2,2.7,0.0,0.0,1.275
16-261,"Oysters, raw, weighed with shells",JM,9,1.5,0.2,0.0,0.4,0.0,0.0,0.178
13-516,"Pak choi, steamed",DG,14,1.5,0.1,0.02,1.9,1.5,2.0,0.098
15-620,"Pakora, vegetable, takeaway and restaurant",DR,293,8.4,22.0,3.73,16.5,1.5,3.3,1.198
15-826,"Pakora/bhajia, aubergine, fried in vegetable oil, homemade",DR,294,7.9,22.5,1.63,17.2,2.1,4.8,0.045
15-827,"Pakora/bhajia, cauliflower, fried in vegetable oil, homemade",DR,320,9.2,23.9,1.71,18.2,2.8,4.7,0.055
15-828,"Pakora/bhajia, onion, fried in vegetable oil, homemade",DR,270,11.2,14.7,1.09,24.6,3.4,5.7,0.038
15-829,"Pakora/bhajia, potato and cauliflower, fried in vegetable oil, homemade",DR,325,8.6,22.3,1.77,23.9,2.0,4.0,0.015
15-830,"Pakora/bhajia, potato, carrot and pea, fried in vegetable oil, homemade",DR,355,12.5,22.7,1.67,28.9,1.9,6.1,0.042
15-831,"Pakora/bhajia, potato, fried in vegetable oil, homemade",DR,315,9.2,19.6,1.41,28.4,1.4,5.0,0.06
15-832,"Pakora/bhajia, spinach, fried in vegetable oil, homemade",DR,360,14.6,22.2,1.65,30.0,1.9,7.0,0.228
15-653,"Pakora/bhajia, vegetable, retail",DR,238,6.4,14.7,1.0,21.4,2.4,3.6,1.075
11-1101,"Pakoras, homemade",AT,173,8.1,8.1,0.66,19.7,2.1,4.5,0.158
11-922,"Pancakes (served with crispy duck), pancakes only, takeaway",AT,305,7.8,7.9,0.0,53.3,5.2,0.0,0.302
11-959,"Pancakes, savoury, made with semi-skimmed milk, homemade",AT,203,6.9,8.4,1.95,26.6,3.8,1.1,0.132
11-1102,"Pancakes, savoury, made with skimmed milk, homemade",AT,193,6.9,7.3,1.22,26.7,3.9,1.1,0.138
11-1103,"Pancakes, savoury, wholemeal, made with whole milk, homemade",AT,209,7.6,10.1,2.87,23.4,4.0,2.9,0.132
15-645,"Pancakes, stuffed with vegetables, homemade",DR,113,4.1,4.2,0.95,15.8,4.4,1.2,0.072
15-833,"Pancakes, stuffed with vegetables, wholemeal, homemade",DR,115,4.4,5.0,1.39,14.2,4.5,2.1,0.072
11-1143,"Pancakes, sweet, made with semi skimmed milk, homemade",AS,234,6.3,7.4,1.22,37.9,17.0,1.0,0.128
11-1141,"Pancakes, sweet, made with skimmed milk, homemade",AS,234,6.3,7.4,1.22,37.9,17.0,1.0,0.128
11-1142,"Pancakes, sweet, made with whole milk, homemade",AS,254,6.3,9.7,2.67,37.8,16.9,1.0,0.122
16-432,"Pangasius, flesh only, baked",JA,109,21.8,2.3,0.72,0.0,0.0,0.0,0.748
16-433,"Pangasius, flesh only, poached",JA,102,20.5,2.2,0.68,0.0,0.0,0.0,0.7
16-382,"Pangasius, flesh only, raw",JA,74,14.9,1.6,0.49,0.0,0.0,0.0,0.51
11-998,"Papadums, takeaway",AF,501,11.5,38.8,7.95,28.3,0.0,6.3,0.0
14-390,"Papaya, flesh only, raw",FA,44,0.7,0.6,0.19,9.5,9.5,1.8,0.035
14-397,"Papaya, flesh only, raw, weighed with skin and pips",FA,27,0.4,0.4,0.11,5.7,5.7,1.1,0.02
13-311,"Papaya, unripe, green flesh, raw",DG,27,0.9,0.1,0.0,5.5,0.0,1.5,0.038
13-879,Paprika,H,0,14.1,12.9,2.14,0.0,10.3,34.9,0.17
11-1104,"Paratha, homemade",AF,333,7.8,14.4,8.51,45.8,0.7,4.9,0.295
16-101,"Parrot fish, raw",JA,83,19.9,0.4,0.1,0.0,0.0,0.0,0.205
13-845,"Parsley, dried",H,181,15.8,7.0,0.0,14.5,12.4,26.9,0.45
13-844,"Parsley, fresh",H,34,3.0,1.3,0.0,2.7,2.3,5.0,0.082
13-631,"Parsnip, boiled in unsalted water",DG,66,1.2,0.7,0.12,14.7,4.3,2.6,0.008
13-312,"Parsnip, raw",DG,64,1.8,1.1,0.2,12.5,5.7,4.7,0.025
13-632,"Parsnip, roasted in rapeseed oil",DG,158,2.4,4.5,0.37,28.8,8.4,5.1,0.015
18-381,"Partridge, meat only, roasted",MCI,212,36.7,7.2,1.9,0.0,0.0,0.0,0.25
18-382,"Partridge, meat only, roasted, weighed with bone",MCI,127,22.0,4.3,1.1,0.0,0.0,0.0,0.15
14-285,Passion fruit juice,FC,47,0.8,0.1,0.0,10.7,10.7,0.0,0.048
14-178,"Passion fruit, flesh and pips",FA,36,2.6,0.4,0.1,5.8,5.8,3.3,0.048
14-179,"Passion fruit, flesh and pips, weighed with skin",FA,22,1.7,0.2,0.0,3.5,3.5,2.0,0.03
11-734,"Pasta and sauce mixes, dried, raw",AD,358,12.8,4.9,2.25,70.0,8.1,4.5,2.912
11-717,"Pasta shapes, coloured, flavoured, dried, raw",AD,341,11.0,1.6,0.23,75.4,2.3,5.5,0.02
19-611,"Pasta with ham and mushroom sauce, homemade",MR,132,5.7,5.3,3.18,16.2,1.0,1.2,0.24
19-483,"Pasta with meat and tomato sauce, homemade",MR,140,6.6,4.1,1.41,20.4,1.9,2.1,0.225
11-729,"Pasta, egg, fresh, filled with cheese and tomato, boiled in unsalted water",AD,193,8.7,5.9,3.12,28.1,0.2,2.3,0.525
11-728,"Pasta, egg, fresh, filled with cheese only, boiled in unsalted water",AD,216,10.5,6.7,3.54,30.2,2.2,2.2,0.605
11-731,"Pasta, egg, fresh, filled with green vegetables/herbs and cheese, boiled in unsalted water",AD,195,8.7,5.8,3.22,28.7,0.1,1.6,0.598
11-732,"Pasta, egg, fresh, filled with meat, boiled in unsalted water",AD,200,10.1,4.7,1.81,31.3,1.0,1.9,0.745
11-730,"Pasta, egg, fresh, filled with mushrooms, boiled in unsalted water",AD,173,8.1,4.3,2.27,27.1,0.7,1.9,0.53
11-726,"Pasta, egg, fresh, raw",AD,282,10.6,2.9,0.71,57.0,2.1,3.3,0.06
11-715,"Pasta, egg, white, dried, raw",AD,365,12.9,3.6,0.89,74.8,2.1,3.9,0.128
11-727,"Pasta, egg, white, tagliatelle, fresh, boiled in unsalted water",AD,152,5.8,1.6,0.38,30.6,0.0,2.0,0.022
11-450,"Pasta, plain, fresh, boiled",AD,159,6.6,1.5,0.28,31.8,0.6,1.9,0.04
11-736,"Pasta, ravioli, meat filling, canned in tomato sauce",AD,77,2.3,1.4,0.46,14.8,3.4,1.1,0.65
11-735,"Pasta, spaghetti, canned, in tomato sauce",AD,72,2.1,0.3,0.05,16.2,5.5,0.9,0.475
11-720,"Pasta, white,  twists, fusilli, dried, boiled in unsalted water",AD,146,4.8,0.4,0.06,32.9,0.6,2.6,0.012
11-1129,"Pasta, white, dried, boiled in unsalted water",AD,169,5.5,0.8,0.11,37.2,1.1,2.5,0.002
11-716,"Pasta, white, dried, raw",AD,343,11.3,1.6,0.23,75.6,2.1,3.7,0.005
11-722,"Pasta, white, spaghetti, dried, boiled in unsalted water",AD,141,4.4,0.6,0.09,31.5,1.0,1.7,0.008
11-721,"Pasta, white, twists, fusilli, dried, boiled in salted water",AD,150,5.0,0.7,0.11,32.9,0.6,2.6,0.435
11-723,"Pasta, wholewheat, spaghetti, dried, boiled in unsalted water",AD,134,5.2,1.1,0.17,27.5,0.0,4.2,0.012
11-718,"Pasta, wholewheat, spaghetti, dried, raw",AD,329,12.6,2.5,0.4,68.3,3.9,11.7,0.008
15-835,Pastichio,DR,150,7.0,6.3,3.71,17.2,2.8,1.6,0.222
11-230,"Pastries, Asian",AP,538,6.3,39.1,0.0,43.0,22.6,0.0,0.475
11-844,"Pastries, chocolate eclairs, cream filled, retail",AP,387,6.1,28.5,13.59,28.2,24.0,1.4,0.312
11-1064,"Pastries, chocolate eclairs, fresh, homemade",AP,381,4.1,24.7,13.23,38.0,26.0,0.7,0.215
11-843,"Pastries, cream filled, retail",AP,415,3.3,27.4,16.05,41.4,27.3,2.9,0.512
11-841,"Pastries, Danish, retail",AP,446,4.9,29.2,11.83,43.6,17.3,2.1,0.582
11-842,"Pastries, Greek, baklava, retail",AP,456,6.7,25.1,9.65,54.1,29.0,2.0,0.408
11-992,"Pastry, cheese, shortcrust, homemade",AO,491,13.2,32.4,20.16,39.2,0.5,1.9,0.985
11-1049,"Pastry, choux, cooked, homemade",AO,313,8.4,18.1,5.82,31.1,0.2,1.5,0.51
11-1048,"Pastry, choux, uncooked, homemade",AO,203,5.5,11.8,3.78,20.2,0.2,1.0,0.33
11-856,"Pastry, filo, retail, cooked",AO,363,10.0,3.8,0.42,77.1,3.1,4.5,1.15
11-855,"Pastry, filo, retail, uncooked",AO,278,7.6,2.9,0.32,58.9,2.4,3.4,0.875
11-1139,"Pastry, flaky, cooked, homemade",AO,540,5.7,37.4,23.46,48.3,0.6,2.4,0.815
11-1140,"Pastry, flaky, uncooked, homemade",AO,409,4.3,28.3,17.76,36.6,0.5,1.8,0.618
11-854,"Pastry, flaky/puff, retail, cooked",AO,486,6.7,33.2,15.92,42.8,1.9,3.5,1.068
11-852,"Pastry, flaky/puff, retail, uncooked",AO,384,5.3,26.2,12.56,33.7,1.5,2.8,0.842
11-1052,"Pastry, shortcrust, cooked, homemade",AO,509,6.6,29.9,18.62,57.1,0.6,2.8,0.645
11-853,"Pastry, shortcrust, retail, cooked",AO,547,6.9,37.9,14.1,47.5,1.0,4.1,0.678
11-851,"Pastry, shortcrust, retail, uncooked",AO,453,5.7,31.4,11.68,39.4,0.9,3.4,0.56
11-1017,"Pastry, shortcrust, uncooked, homemade",AO,435,5.7,25.5,15.93,48.8,0.5,2.4,0.555
11-961,"Pastry, wholemeal, cooked, homemade",AO,487,8.3,30.0,18.36,48.9,1.2,7.1,0.642
11-1010,"Pastry, wholemeal, uncooked, homemade",AO,421,7.2,25.9,15.86,42.3,1.0,6.1,0.555
15-646,"Pasty, vegetable, homemade",DR,301,4.2,19.1,7.08,30.0,1.8,2.8,0.345
15-836,"Pasty, vegetable, wholemeal, homemade",DR,272,4.9,15.2,9.2,30.7,1.9,4.0,0.328
19-317,"Pate, liver",MI,349,12.6,32.7,9.5,1.2,0.4,0.6,1.875
19-145,"Pate, meat, reduced fat",MI,191,18.0,12.0,3.5,3.0,1.3,0.8,1.775
16-451,"Pate, tuna",JR,312,16.2,26.8,3.9,1.5,0.4,0.7,0.975
13-315,"Patra leaves, raw",DG,39,4.0,1.5,0.3,2.6,2.2,0.0,0.002
12-475,"Pavlova, toffee/chocolate, no fruit",BR,370,3.8,19.7,10.83,47.4,45.3,1.1,0.168
12-552,"Pavlova, with fruit and cream",BR,244,2.7,8.3,4.56,42.2,41.0,1.9,0.102
12-594,"Peach melba, homemade",BP,170,1.7,10.5,6.65,18.1,14.9,0.4,0.1
14-188,"Peaches, canned in juice, whole contents",FA,39,0.6,0.0,0.0,9.7,9.7,0.8,0.03
14-189,"Peaches, canned in syrup, whole contents",FA,55,0.5,0.0,0.0,14.0,14.0,0.9,0.01
14-312,"Peaches, flesh and skin, raw, weighed with stone",FA,30,0.9,0.1,0.0,6.8,6.8,1.3,0.002
14-299,"Peaches, raw, flesh and skin",FA,33,1.0,0.1,0.0,7.6,7.6,1.5,0.002
17-116,"Peanut brittle, homemade",SEC,483,8.6,19.0,5.3,73.8,71.8,2.0,0.275
14-892,"Peanut butter, smooth",GA,607,22.8,51.8,12.78,13.1,6.7,6.6,0.875
14-882,Peanuts and raisins,GA,436,15.4,25.9,4.9,37.5,34.0,4.4,0.07
14-878,"Peanuts, dry roasted",GA,590,25.7,49.8,8.9,10.3,3.8,7.6,1.975
14-877,"Peanuts, kernel only, plain, unsalted",GA,564,25.8,46.0,8.66,12.5,6.2,6.2,0.005
14-886,"Peanuts, kernel only, plain, weighed with shells",GA,389,17.7,31.8,5.98,8.6,4.3,4.3,0.002
14-894,"Peanuts, raisins and chocolate chips",GA,445,12.4,25.4,0.0,44.4,42.0,3.4,0.112
14-834,"Peanuts, roasted and salted",GA,602,24.7,53.0,9.5,7.1,3.8,8.0,1.0
14-361,"Pears, average, flesh and skin, raw, weighed with core and stalk",FA,37,0.3,0.1,0.01,9.2,9.2,2.3,0.002
14-365,"Pears, average, raw, flesh only",F,44,0.3,0.1,0.01,11.3,11.3,2.7,0.002
14-367,"Pears, average, stewed with sugar",F,72,0.2,0.1,0.01,18.8,18.8,2.1,0.002
14-368,"Pears, average, stewed without sugar",F,38,0.3,0.1,0.01,9.8,9.8,2.3,0.002
14-197,"Pears, canned in juice, whole contents",FA,33,0.3,0.0,0.0,8.5,8.5,1.4,0.008
14-196,"Pears, dried",FA,207,1.6,0.5,0.0,52.4,52.4,8.3,0.038
14-205,"Pears, Nashi, flesh and skin, raw",FA,29,0.3,0.1,0.0,7.1,7.1,1.5,0.015
14-206,"Pears, Nashi, flesh and skin, raw, weighed with core",FA,26,0.3,0.1,0.0,6.3,6.3,1.3,0.012
14-321,"Pears, raw, flesh and skin",FA,43,0.3,0.1,0.01,10.9,10.9,2.7,0.002
14-366,"Pears, raw, flesh only, peeled, weighed with skin and core",F,31,0.2,0.1,0.01,7.9,7.9,1.9,0.002
13-439,"Peas, boiled in unsalted water",DF,79,6.7,1.6,0.3,10.0,1.2,5.6,0.0
13-564,"Peas, canned in water, re-heated, drained",DF,59,5.3,0.9,0.2,8.0,1.7,5.3,0.0
13-131,"Peas, dried, boiled in unsalted water",DF,109,6.9,0.8,0.3,19.9,0.9,5.5,0.032
13-130,"Peas, dried, raw",DF,303,21.6,2.4,0.4,52.0,2.4,13.0,0.095
13-536,"Peas, frozen, boiled in unsalted water",DF,70,5.5,0.7,0.14,11.2,5.9,5.5,0.01
13-528,"Peas, frozen, microwaved",DF,71,5.7,0.9,0.17,10.8,6.6,5.6,0.01
13-527,"Peas, frozen, raw",DF,68,5.3,0.7,0.13,10.7,5.7,5.3,0.01
13-641,"Peas, mange-tout, boiled in unsalted water",DF,32,3.3,0.4,0.08,4.2,3.7,1.6,0.002
13-122,"Peas, mange-tout, raw",DF,32,3.6,0.2,0.0,4.2,3.4,2.3,0.005
13-642,"Peas, mange-tout, stir-fried in rapeseed oil",DF,69,2.8,4.9,0.3,3.6,3.2,1.4,0.002
13-562,"Peas, marrowfat, canned, re-heated, drained",DF,87,6.9,0.8,0.1,13.8,0.9,5.0,0.4
13-563,"Peas, mushy, canned, re-heated",DF,81,5.8,0.7,0.1,13.8,1.7,3.1,0.55
13-438,"Peas, raw",DF,83,6.9,1.5,0.56,11.3,2.3,5.3,0.002
13-142,"Peas, split, dried, boiled in unsalted water",DF,126,8.3,0.9,0.2,22.7,0.9,2.7,0.035
13-141,"Peas, split, dried, raw",DF,328,22.1,2.4,0.4,58.2,1.9,6.3,0.095
13-594,"Peas, sugar-snap, boiled in unsalted water",DG,33,3.1,0.3,0.0,4.7,3.4,1.3,0.01
13-143,"Peas, sugar-snap, raw",DF,34,3.4,0.2,0.0,5.0,3.7,1.5,0.01
14-837,"Pecan nuts, kernel only",GA,689,9.2,70.1,5.7,5.8,4.3,4.7,0.002
14-838,"Pecan nuts, kernel only, weighed with shells",GA,337,4.5,34.3,2.8,2.8,2.1,2.3,0.0
14-338,"Peel, mixed",FA,287,0.3,0.9,0.0,74.1,51.2,4.5,0.7
13-880,"Pepper, black",H,0,10.4,3.3,1.39,0.0,0.6,25.3,0.05
13-525,"Pepper, capsicum, red, boiled in unsalted water",DG,17,0.8,0.1,0.03,3.4,3.3,2.4,0.0
13-524,"Pepper, capsicum, red, raw",DG,21,0.8,0.2,0.05,4.3,4.2,2.2,0.002
13-537,"Pepper, capsicum, yellow, boiled in unsalted water",DG,26,0.9,0.3,0.0,5.3,5.1,2.4,0.002
13-526,"Pepper, capsicum, yellow, raw",DG,23,0.8,0.2,0.0,4.6,4.4,2.2,0.002
13-847,"Pepper, cayenne, ground",H,318,12.0,17.3,2.6,31.7,0.0,0.0,0.075
13-881,"Pepper, white",H,0,10.4,2.1,0.63,0.0,0.0,26.2,0.012
17-830,"Peppermint creams, homemade",SEC,366,0.7,0.0,0.0,96.9,95.9,0.0,0.058
17-117,Peppermints,SEC,393,0.5,0.7,0.0,102.7,102.7,0.0,0.022
13-316,"Peppers, capsicum, chilli, green, raw",DG,20,2.9,0.6,0.0,0.7,0.7,0.0,0.018
13-317,"Peppers, capsicum, chilli, red, raw",DG,26,1.8,0.3,0.0,4.2,4.2,0.0,0.03
13-548,"Peppers, capsicum, green, boiled in unsalted water",DG,18,1.0,0.5,0.1,2.6,2.3,1.8,0.01
13-318,"Peppers, capsicum, green, raw",DG,15,0.8,0.3,0.1,2.6,2.4,1.6,0.01
15-837,"Peppers, green, stuffed with rice, homemade",DR,77,1.7,1.9,0.19,14.4,5.5,1.3,0.018
15-852,"Peppers, green, stuffed with vegetables, cheese topping, homemade",DR,80,2.6,5.6,0.0,5.2,0.0,0.0,0.112
19-632,"Peppers, stuffed with beef, rice and vegetables, homemade",MR,99,6.2,4.3,1.78,9.2,2.5,1.0,0.13
15-838,"Pesto sauce, homemade",DR,501,19.0,46.2,12.26,2.4,0.0,0.0,0.728
17-622,"Pesto, green",WC,420,5.6,42.5,6.5,3.9,2.3,1.1,2.1
17-623,"Pesto, red",WC,317,5.0,30.6,4.68,5.9,5.2,3.3,1.925
18-383,"Pheasant, meat only, roasted",MCK,220,27.9,12.0,4.1,0.0,0.0,0.0,0.165
18-384,"Pheasant, meat only, roasted, weighed with bone",MCK,114,14.5,6.2,2.1,0.0,0.0,0.0,0.085
14-207,"Physalis, fruit only",FA,53,1.8,0.2,0.0,11.1,11.1,0.0,0.002
17-702,Piccalilli,WCN,84,1.0,0.5,0.1,17.6,14.8,1.0,1.85
17-718,"Pickle, sweet",WCG,111,0.6,0.1,0.0,28.0,24.6,1.2,2.825
11-1024,"Pie, apple, one crust, homemade",AS,198,1.8,9.2,3.38,29.0,18.0,2.1,0.165
11-1025,"Pie, apple, pastry top and bottom, homemade",AS,268,2.9,15.2,5.63,32.1,13.6,2.4,0.272
11-920,"Pie, apple, pastry, double crust, deep filled, retail",AS,256,3.3,10.9,0.0,38.5,18.0,0.0,0.408
11-921,"Pie, apple, pastry, double crust, retail",AS,245,3.8,12.9,4.04,30.3,7.0,2.6,0.395
11-1026,"Pie, apple, wholemeal, one crust, homemade",AS,190,2.3,7.7,4.6,29.9,18.0,2.8,0.162
11-1027,"Pie, apple, wholemeal, pastry top and bottom, homemade",AS,254,3.6,12.7,7.68,33.6,13.7,3.7,0.27
12-394,"Pie, banoffee",BR,319,3.8,20.0,11.2,32.9,20.9,1.8,0.41
18-505,"Pie, beef, puff or shortcrust pastry, family size, retail",MR,220,8.9,13.0,5.53,18.1,1.2,2.0,0.83
18-506,"Pie, beef, puff or shortcrust pastry, individual, retail",MR,292,9.2,17.7,7.9,25.5,1.2,2.1,0.865
12-560,"Pie, cheese and potato, homemade",BV,132,5.0,7.2,3.25,12.6,1.5,1.1,0.282
19-559,"Pie, chicken and mushroom, single crust, homemade",MR,202,13.6,10.4,4.35,14.3,2.0,1.0,0.252
19-515,"Pie, chicken, individual, baked",MI,288,9.0,17.7,7.0,24.6,1.6,1.7,0.675
19-575,"Pie, Cottage, homemade",MR,126,6.3,6.3,2.36,10.4,1.6,1.3,0.388
19-494,"Pie, Cottage/Shepherd's, reheated",MR,111,4.5,5.4,2.4,11.9,1.6,1.2,0.6
16-460,"Pie, fish, white fish, homemade",JR,101,8.6,2.1,0.8,12.7,1.5,1.0,0.14
16-410,"Pie, fish, white fish, retail, baked",JR,124,6.6,4.8,2.55,14.4,1.8,2.1,0.635
11-847,"Pie, fruit, individual, retail",AS,361,3.1,13.7,4.87,60.0,31.0,4.3,0.288
11-1007,"Pie, fruit, one crust, homemade",AS,190,2.1,9.1,3.3,26.7,15.7,1.7,0.165
11-1073,"Pie, fruit, pastry top and bottom, blackcurrant, homemade",AS,264,3.2,15.1,5.6,31.0,12.5,2.6,0.272
11-1008,"Pie, fruit, pastry top and bottom, homemade",AS,262,3.1,15.1,5.61,30.4,12.0,1.7,0.272
11-1075,"Pie, fruit, wholemeal, one crust, homemade",AS,182,2.5,7.6,4.55,27.6,15.8,2.7,0.165
11-1074,"Pie, fruit, wholemeal, pastry top and bottom, blackcurrant, homemade",AS,250,3.9,12.5,7.65,32.5,12.6,4.3,0.27
11-1076,"Pie, fruit, wholemeal, pastry top and bottom, homemade",AS,253,4.0,13.9,4.23,30.0,12.1,3.4,0.412
11-1077,"Pie, fruit, wholemeal, with pie filling, homemade",AS,261,4.0,13.6,0.0,32.7,8.1,3.2,0.348
11-1078,"Pie, fruit, with pie filling, homemade",AS,277,3.2,16.4,0.0,31.1,8.1,1.8,0.348
19-058,"Pie, game, homemade",MI,381,12.2,22.5,7.9,34.7,3.4,1.3,1.075
11-548,"Pie, lemon meringue, retail",AS,251,2.9,8.5,3.09,43.5,29.3,0.7,0.282
15-816,"Pie, lentil and cheese, homemade",DR,182,11.0,9.3,3.84,14.5,1.5,2.3,0.432
15-839,"Pie, Quorn and vegetable",DR,174,7.6,10.4,4.88,13.2,3.4,3.4,0.545
15-840,"Pie, spinach, homemade",DR,177,6.2,13.3,5.62,8.6,2.6,2.0,0.818
19-629,"Pie, steak and kidney, double crust, homemade",MR,305,14.6,18.1,8.53,22.2,0.9,1.8,0.658
19-557,"Pie, steak and kidney, single crust, homemade",MI,243,17.0,13.1,6.06,15.3,0.6,1.2,0.522
19-639,"Pie, turkey, single crust, homemade",MR,205,13.8,10.4,4.33,14.9,2.4,1.5,0.27
15-647,"Pie, vegetable, homemade",DR,160,2.9,9.4,2.59,17.1,2.8,1.5,0.268
15-841,"Pie, vegetable, wholemeal, homemade",DR,151,3.4,7.8,4.67,18.0,3.0,2.5,0.265
18-385,"Pigeon, meat only, roasted",MCM,187,29.0,7.9,0.0,0.0,0.0,0.0,0.23
18-386,"Pigeon, meat only, roasted, weighed with bone",MCM,88,13.6,3.7,0.0,0.0,0.0,0.0,0.108
15-842,"Pilaf, rice with spinach, homemade",DR,104,3.7,1.9,0.28,17.8,1.6,1.7,0.262
15-843,"Pilaf, rice with tomato, homemade",DR,147,2.9,2.6,0.35,27.9,0.9,0.7,0.815
15-845,"Pilau, egg and potato, brown rice, homemade",DR,117,4.7,2.8,0.6,19.5,1.6,1.4,0.072
15-844,"Pilau, egg and potato, homemade",DR,124,4.4,2.5,0.54,22.4,1.4,1.0,0.075
15-846,"Pilau, mushroom, homemade",DR,138,2.5,3.5,2.0,23.9,0.8,0.7,0.005
16-461,"Pilau, prawn, homemade",JR,149,5.2,3.2,1.86,24.8,0.8,0.6,0.15
12-472,"Pilau, vegetable, homemade",DR,112,3.3,1.5,0.34,22.6,0.3,2.2,0.425
14-839,"Pine nuts, kernel only",GA,688,14.0,68.6,4.6,4.0,3.9,1.9,0.002
14-286,"Pineapple juice, unsweetened",PE,41,0.3,0.1,0.0,10.5,10.5,0.0,0.02
14-211,"Pineapple, canned in juice, whole contents",FA,47,0.3,0.0,0.0,12.2,12.2,0.5,0.002
14-212,"Pineapple, canned in syrup, whole contents",FA,64,0.5,0.0,0.0,16.5,16.5,0.7,0.005
14-396,"Pineapple, dried",FA,303,3.3,0.7,0.0,75.7,75.7,8.0,0.0
14-376,"Pineapple, flesh only, raw",FA,45,0.5,0.1,0.0,11.4,11.4,1.2,0.0
14-377,"Pineapple, flesh only, raw, weighed with skin and top",FA,20,0.2,0.1,0.0,5.0,5.0,0.5,0.0
11-1105,"Pinni, homemade",AP,527,5.4,31.4,15.46,59.5,40.9,2.5,0.01
14-840,"Pistachio nuts, kernel only, roasted and salted",GA,601,17.9,55.4,7.4,8.2,5.7,7.4,1.325
14-841,"Pistachio nuts, kernel only, roasted and salted, weighed with shells",GA,331,9.9,30.5,4.1,4.6,3.2,3.3,0.725
11-1016,"Pizza base, raw",AE,290,7.8,4.8,0.0,57.5,3.4,2.5,1.0
11-936,"Pizza, cheese and tomato, retail",A,272,12.2,9.8,4.12,36.1,3.9,2.9,0.992
11-1012,"Pizza, chicken topped, retail",AE,246,13.4,8.3,0.0,31.3,2.1,2.7,0.95
11-1011,"Pizza, fish topped, takeaway",AE,226,13.3,7.5,3.24,28.0,2.0,0.0,1.0
11-1013,"Pizza, ham and pineapple, retail",AE,260,13.5,8.6,0.0,34.4,3.1,2.5,1.0
11-1015,"Pizza, meat topped, retail and takeaway",AE,255,13.2,10.3,3.95,29.1,1.8,2.0,1.1
15-255,"Pizza, tomato, homemade",DR,193,3.3,10.6,1.5,22.6,3.0,1.4,0.85
11-1014,"Pizza, vegetarian, retail and takeaway",AE,216,10.8,6.9,0.0,29.6,2.4,3.1,0.825
16-434,"Plaice, flesh only, baked",JA,99,21.3,1.6,0.28,0.0,0.0,0.0,0.478
16-381,"Plaice, flesh only, raw",JA,76,16.4,1.2,0.22,0.0,0.0,0.0,0.368
16-435,"Plaice, flesh only, steamed",JA,91,19.5,1.4,0.26,0.0,0.0,0.0,0.438
16-480,"Plaice, flesh only, steamed, fillets weighed with bones and skin",JA,68,14.5,1.1,0.19,0.0,0.0,0.0,0.325
16-498,"Plaice, in batter, fried in blended oil",JA,257,15.2,16.8,1.8,12.0,0.0,0.5,0.525
16-499,"Plaice, in batter, fried in retail blend oil",JA,257,15.2,16.8,8.66,12.0,0.0,0.5,0.525
16-500,"Plaice, in batter, fried in sunflower oil",JA,257,15.2,16.8,8.66,12.0,0.0,0.5,0.525
16-403,"Plaice, in breadcrumbs, baked",JA,243,14.4,11.6,1.23,21.5,1.3,1.5,0.688
13-324,"Plantain, boiled in unsalted water, flesh only",DG,112,0.8,0.2,0.1,28.5,5.5,1.2,0.01
13-323,"Plantain, green flesh, raw",DG,117,1.1,0.3,0.1,29.4,5.7,1.3,0.01
13-569,"Plantain, ripe, fried in rapeseed oil",DG,267,1.5,9.2,0.69,47.5,11.5,2.3,0.008
14-316,"Plums, average, flesh and skin, stewed with sugar, weighed with stones",FA,67,0.5,0.1,0.0,17.0,17.0,1.2,0.005
14-315,"Plums, average, flesh and skin, stewed without sugar",FA,30,0.5,0.1,0.0,7.3,7.3,1.3,0.005
14-317,"Plums, average, flesh and skin, stewed without sugar, weighed with stones",FA,29,0.5,0.1,0.0,6.9,6.9,1.2,0.005
14-314,"Plums, average, stewed with sugar, flesh and skin",FA,70,0.5,0.1,0.0,17.9,17.9,1.3,0.005
14-372,"Plums, dessert, flesh and skin, raw",FA,41,0.6,0.3,0.02,9.7,9.7,1.3,0.0
14-374,"Plums, dessert, flesh and skin, raw, weighed with stones",FA,40,0.6,0.2,0.02,9.4,9.4,1.3,0.0
14-220,"Plums, Victoria, flesh and skin, raw",FA,39,0.6,0.1,0.0,9.6,9.6,1.8,0.005
14-221,"Plums, Victoria, flesh and skin, raw, weighed with stones",FA,37,0.5,0.1,0.0,9.0,9.0,1.7,0.005
14-222,"Plums, Victoria, stewed without sugar",FA,34,0.5,0.1,0.0,8.3,8.3,1.6,0.005
14-223,"Plums, Victoria, stewed without sugar, weighed with stones",FA,33,0.5,0.1,0.0,7.9,7.9,1.5,0.005
14-224,"Plums, yellow, flesh and skin, raw",FA,25,0.5,0.1,0.0,5.9,5.9,1.0,0.002
14-225,"Plums, yellow, flesh and skin, raw, weighed with stones",FA,24,0.5,0.1,0.0,5.7,5.7,1.0,0.002
11-905,"Polenta, hydrated, raw",AT,68,1.9,0.4,0.05,15.2,0.0,1.7,1.352
16-436,"Pollock, Alaskan, flesh only, baked",JA,124,28.2,1.2,0.24,0.0,0.0,0.0,0.292
16-378,"Pollock, Alaskan, flesh only, raw",JA,72,16.4,0.7,0.14,0.0,0.0,0.0,0.17
16-437,"Pollock, Alaskan, flesh only, steamed",JA,120,27.4,1.2,0.23,0.0,0.0,0.0,0.285
14-341,Pomegranate juice drink,FC,44,0.2,0.0,0.0,11.6,11.6,0.0,0.002
14-226,"Pomegranate, flesh and pips",FA,51,1.3,0.2,0.0,11.8,11.8,3.4,0.005
14-227,"Pomegranate, flesh and pips, weighed with skin",FA,33,0.9,0.1,0.0,7.7,7.7,2.2,0.002
14-228,"Pomelo, flesh only",FA,30,0.6,0.2,0.0,6.8,6.8,0.0,0.002
14-229,"Pomelo, flesh only, weighed with peel and pips",FA,18,0.4,0.1,0.0,4.1,4.1,0.0,0.002
16-124,"Pomfret, black, raw",JA,99,18.8,2.6,0.7,0.0,0.0,0.0,0.275
16-125,"Pomfret, white, raw",JA,92,18.3,2.1,0.6,0.0,0.0,0.0,0.235
17-691,"Popcorn, candied",SN,469,6.9,23.8,0.0,60.7,15.0,9.5,0.0
17-692,"Popcorn, salted, retail",SN,470,9.0,23.5,0.0,59.3,0.6,9.3,1.825
13-849,Poppy seeds,G,0,20.6,47.1,6.8,0.0,0.0,0.0,0.052
19-665,"Pork chops in mustard and cream, homemade",MR,263,15.5,19.4,7.61,1.0,1.0,0.2,0.5
19-666,"Pork chops in mustard and cream, homemade, weighed with bone",MR,230,13.6,17.0,6.66,0.9,0.9,0.1,0.438
19-467,"Pork pie, individual",MR,370,9.9,26.0,10.12,25.7,1.5,2.9,1.355
17-132,Pork scratchings,SN,606,47.9,46.0,16.58,0.2,0.2,0.3,3.3
18-555,"Pork, belly joint, roasted, lean and fat",MAG,293,25.1,21.4,7.43,0.0,0.0,0.0,0.225
18-556,"Pork, belly joint/slices, grilled, lean and fat",MAG,320,27.4,23.4,8.23,0.0,0.0,0.0,0.242
18-557,"Pork, belly joint/slices, raw, lean and fat",MAG,258,19.1,20.2,7.25,0.0,0.0,0.0,0.172
18-558,"Pork, belly joint/slices, raw, lean and fat, weighed with bone",MAG,238,17.6,18.6,6.67,0.0,0.0,0.0,0.188
18-216,"Pork, crackling, cooked",MAG,550,36.2,45.0,15.3,0.0,0.0,0.0,0.0
18-527,"Pork, diced, casseroled, lean",MAG,195,36.8,5.3,1.75,0.0,0.0,0.0,0.222
18-528,"Pork, diced, casseroled, lean and fat",MAG,203,36.3,6.4,2.14,0.0,0.0,0.0,0.22
18-540,"Pork, diced, kebabs, grilled, lean",MAG,200,37.9,5.4,1.8,0.0,0.0,0.0,0.23
18-541,"Pork, diced, kebabs, grilled, lean and fat",MAG,208,37.4,6.5,2.19,0.0,0.0,0.0,0.228
18-529,"Pork, diced, raw, lean",MAG,122,23.1,3.3,1.1,0.0,0.0,0.0,0.14
18-530,"Pork, diced, raw, lean and fat",MAG,132,22.8,4.5,1.54,0.0,0.0,0.0,0.138
18-559,"Pork, fat, average, cooked",MAG,515,14.2,50.9,17.9,0.0,0.0,0.0,0.172
18-600,"Pork, fat, average, raw",MAG,548,10.1,56.4,20.4,0.0,0.0,0.0,0.118
18-531,"Pork, fillet medallions, grilled lean",MAG,152,36.3,0.8,0.25,0.0,0.0,0.0,0.168
18-532,"Pork, fillet medallions, grilled, lean and fat",MAG,161,35.9,1.9,0.67,0.0,0.0,0.0,0.165
18-510,"Pork, fillet medallions, raw, lean",MAG,96,22.8,0.5,0.16,0.0,0.0,0.0,0.105
18-511,"Pork, fillet medallions, raw, lean and fat",MAG,106,22.6,1.8,0.65,0.0,0.0,0.0,0.105
18-533,"Pork, fillet strips, stir-fried in rapeseed oil, lean",MAG,168,35.8,2.7,0.38,0.0,0.0,0.0,0.165
18-601,"Pork, hand, shoulder joint, raw, lean",MAG,121,20.8,4.2,1.36,0.0,0.0,0.0,0.182
18-602,"Pork, hand, shoulder joint, raw, lean and fat",MAG,218,18.1,16.2,5.3,0.0,0.0,0.0,0.168
18-603,"Pork, hand, shoulder joint, roasted, lean",MAG,202,30.8,8.8,3.02,0.0,0.0,0.0,0.195
18-604,"Pork, hand, shoulder joint, roasted, lean and fat",MAG,259,27.5,16.5,5.7,0.0,0.0,0.0,0.192
18-608,"Pork, lean, average, raw",MAG,116,22.2,3.1,1.04,0.0,0.0,0.0,0.142
18-512,"Pork, leg joint, raw, lean",MAG,122,23.1,3.3,1.1,0.0,0.0,0.0,0.14
18-514,"Pork, leg joint, raw, lean and fat",MAG,215,19.9,15.0,5.32,0.0,0.0,0.0,0.128
18-513,"Pork, leg joint, raw, lean and fat, trimmed",MAG,142,22.4,5.8,1.99,0.0,0.0,0.0,0.138
18-517,"Pork, leg joint, roasted, lean and fat",MAG,261,29.6,15.9,5.64,0.0,0.0,0.0,0.132
18-516,"Pork, leg joint, roasted, lean and fat, trimmed",MAG,203,32.5,8.1,2.85,0.0,0.0,0.0,0.142
18-515,"Pork, leg joint, roasted, lean",MAG,186,33.3,5.9,2.04,0.0,0.0,0.0,0.145
18-534,"Pork, loin chops, grilled, lean",MAG,194,35.1,5.9,2.15,0.0,0.0,0.0,0.142
18-535,"Pork, loin chops, grilled, lean and fat",MAG,237,33.3,11.5,4.27,0.0,0.0,0.0,0.135
18-536,"Pork, loin chops, raw, lean and fat",MAG,191,21.3,11.7,4.38,0.0,0.0,0.0,0.112
18-537,"Pork, loin chops, raw, lean and fat, weighed with bone",MAG,162,18.1,10.0,3.72,0.0,0.0,0.0,0.095
18-613,"Pork, loin chops, roasted, lean",MAG,196,39.6,4.2,1.46,0.0,0.0,0.0,0.21
18-610,"Pork, loin chops, roasted, lean and fat",MAG,247,36.2,11.4,4.04,0.0,0.0,0.0,0.192
18-611,"Pork, loin chops, roasted, lean and fat, weighed with bone",MAG,191,27.9,8.8,3.11,0.0,0.0,0.0,0.148
18-518,"Pork, loin medallions, raw, lean",MAG,116,24.8,1.9,0.65,0.0,0.0,0.0,0.102
18-519,"Pork, loin medallions, raw, lean and fat",MAG,141,23.0,5.4,1.96,0.0,0.0,0.0,0.1
18-520,"Pork, loin medallions, raw, lean and fat, trimmed",MAG,122,23.4,3.1,1.09,0.0,0.0,0.0,0.102
18-538,"Pork, loin steaks, fried in rapeseed oil, lean",MAG,178,33.9,4.7,1.09,0.0,0.0,0.0,0.18
18-539,"Pork, loin steaks, fried in rapeseed oil, lean and fat",MAG,235,31.7,12.0,3.94,0.0,0.0,0.0,0.165
18-524,"Pork, loin steaks, grilled, lean",MAG,194,35.1,5.9,2.15,0.0,0.0,0.0,0.142
18-526,"Pork, loin steaks, grilled, lean and fat",MAG,247,32.7,12.9,4.83,0.0,0.0,0.0,0.132
18-525,"Pork, loin steaks, grilled, lean and fat, trimmed",MAG,210,34.4,8.0,2.94,0.0,0.0,0.0,0.14
18-521,"Pork, loin steaks, raw, lean",MAG,110,23.2,1.9,0.66,0.0,0.0,0.0,0.122
18-522,"Pork, loin steaks, raw, lean and fat",MAG,187,21.4,11.2,4.16,0.0,0.0,0.0,0.112
18-523,"Pork, loin steaks, raw, lean and fat, trimmed",MAG,140,22.5,5.5,2.04,0.0,0.0,0.0,0.118
18-605,"Pork, loin steaks, stewed, lean",MAG,157,33.2,2.7,0.94,0.0,0.0,0.0,0.175
18-612,"Pork, loin steaks, stewed, lean and fat",MAG,212,31.3,9.7,3.61,0.0,0.0,0.0,0.16
18-606,"Pork, mince, raw",MAG,164,19.2,9.7,3.57,0.0,0.0,0.0,0.165
18-607,"Pork, mince, stewed",MAG,191,24.4,10.4,3.9,0.0,0.0,0.0,0.152
18-542,"Pork, shoulder chops (collar), braised, lean",MAG,213,30.5,10.1,3.57,0.0,0.0,0.0,0.148
18-543,"Pork, shoulder chops (collar), braised, lean and fat",MAG,247,28.1,15.0,5.5,0.0,0.0,0.0,0.148
18-544,"Pork, shoulder chops (collar), braised, lean and fat, weighed with bone",MAG,190,21.6,11.5,4.2,0.0,0.0,0.0,0.11
18-545,"Pork, shoulder chops (collar), raw, lean and fat",MAG,186,18.5,12.4,4.5,0.0,0.0,0.0,0.155
18-546,"Pork, shoulder chops (collar), raw, lean and fat, weighed with bone",MAG,147,14.6,9.8,3.5,0.0,0.0,0.0,0.122
18-547,"Pork, shoulder joint (collar), pot-roasted, lean",MAG,201,30.0,9.0,3.2,0.0,0.0,0.0,0.162
18-548,"Pork, shoulder joint (collar), pot-roasted, lean and fat",MAG,260,24.4,18.0,6.7,0.0,0.0,0.0,0.16
18-549,"Pork, shoulder joint (collar), raw, lean and fat",MAG,218,17.6,16.4,6.0,0.0,0.0,0.0,0.152
18-550,"Pork, shoulder joint (collar), raw, lean and fat, weighed with bone",MAG,161,13.1,12.1,4.4,0.0,0.0,0.0,0.112
18-551,"Pork, shoulder steaks (collar), grilled, lean and fat",MAG,292,29.2,19.5,7.49,0.0,0.0,0.0,0.35
18-552,"Pork, shoulder steaks (collar), grilled, lean and fat, weighed with bone",MAG,132,13.1,8.8,3.4,0.0,0.0,0.0,0.158
18-554,"Pork, shoulder steaks (collar), raw, lean and fat",MAG,168,18.7,10.4,3.7,0.0,0.0,0.0,0.155
18-553,"Pork, shoulder steaks (collar), raw, lean and fat, weighed with bone",MAG,94,9.0,6.4,2.5,0.0,0.0,0.0,0.115
19-670,"Pork, spare ribs, 'barbecue style', homemade",MR,302,20.8,22.3,6.11,4.9,5.0,0.8,1.915
19-671,"Pork, spare ribs, 'barbecue style', homemade, weighed with bone",MR,142,9.7,10.4,2.82,2.3,2.3,0.4,0.89
19-265,"Pork, spare ribs, 'barbecue style', meat only, retail, reheated, weighed with bone",MR,98,9.2,6.0,2.2,2.0,1.5,0.0,0.375
19-264,"Pork, spare ribs, 'barbecue style', meat only, retail, reheated",MR,281,26.3,17.1,6.2,5.8,4.4,0.6,1.1
18-499,"Pork, spare ribs, Chinese barbecue, takeaway",MAG,0,22.1,18.7,0.0,0.0,0.0,0.0,1.212
19-672,"Pork, spare ribs, in black bean sauce, meat and sauce only, homemade",MR,216,14.3,14.5,0.0,5.8,5.1,0.3,1.935
19-673,"Pork, spare ribs, in black bean sauce, meat and sauce only, homemade, weighed with bone",MR,123,8.2,8.2,0.0,3.3,2.9,0.3,1.102
18-609,"Pork, spare ribs, raw, lean and fat",MAG,195,18.7,13.4,5.27,0.0,0.0,0.0,0.245
19-667,"Pork, stir-fried with vegetables, homemade",MR,103,16.4,2.9,0.58,2.6,1.2,0.5,0.84
19-668,"Pork, sweet and sour, made with lean pork, homemade",MR,162,14.5,6.3,1.02,11.0,7.2,0.5,0.158
19-669,"Pork, sweet and sour, made with sweet and sour cook in sauce",MR,148,15.3,4.9,1.11,11.4,10.0,0.4,0.412
18-429,"Pork, trotters and tails, boiled with added salt",MG,280,19.8,22.3,0.0,0.0,0.0,0.0,4.05
11-788,"Porridge oats, unfortified",A,381,10.9,8.1,1.28,70.7,0.3,7.8,0.002
11-789,"Porridge oats, unfortified, cooked, made up with semi-skimmed milk",A,84,4.6,2.3,1.03,12.1,4.1,1.0,0.098
11-1106,"Porridge, made with milk and water",AI,72,3.1,1.9,0.71,11.2,2.5,1.0,0.055
11-1107,"Porridge, made with water",AI,47,1.4,1.0,0.16,8.8,0.0,1.0,0.0
11-1108,"Porridge, made with whole milk",AI,112,4.9,4.7,2.54,13.3,4.8,0.9,0.11
17-234,Port,QF,157,0.1,0.0,0.0,12.0,12.0,0.0,0.01
17-849,Pot savouries,SN,365,11.6,10.9,0.0,58.8,8.2,0.0,1.5
17-682,"Pot savouries, made up",SN,103,3.3,3.1,0.0,16.7,2.3,0.0,0.425
15-849,"Potato cakes, fried in rapeseed oil",DR,210,3.9,8.4,1.79,31.4,1.1,2.1,0.052
13-024,"Potato chips, crinkle cut, frozen, fried in corn oil",DAP,290,3.6,16.7,3.1,33.4,0.9,2.2,0.195
13-486,"Potato chips, fine cut, from fast food outlets",DAP,290,3.5,14.2,2.5,39.7,0.3,3.8,0.482
50-684,"Potato chips, fine cut, frozen, fried in blended vegetable oil",DAP,364,4.5,21.3,1.8,41.2,0.6,2.4,0.242
13-026,"Potato chips, fine cut, frozen, fried in corn oil",DAP,364,4.5,21.3,4.0,41.2,0.6,2.7,0.242
50-686,"Potato chips, fine cut, frozen, fried in dripping",DAP,364,4.5,21.3,11.8,41.2,0.6,2.7,0.245
13-613,"Potato chips, fried in beef dripping, from takeaway fish and chip shops",DAR,214,3.5,8.4,4.2,33.2,0.6,3.2,0.04
13-485,"Potato chips, fried in commercial oil, from takeaway fish and chip shops",DAP,214,3.5,8.4,4.29,33.2,0.6,3.2,0.04
13-612,"Potato chips, fried in palm oil, from takeaway fish and chip shops",DAR,214,3.5,8.4,3.97,33.2,0.6,3.2,0.04
13-614,"Potato chips, fried in rapeseed oil, from takeaway fish and chip shops",DAR,214,3.5,8.4,0.55,33.2,0.6,3.2,0.04
13-595,"Potato chips, homemade, fried in corn oil",DAP,197,3.2,6.7,0.98,33.1,1.5,3.4,0.008
13-596,"Potato chips, homemade, fried in dripping",DAP,197,3.2,6.7,3.37,33.1,1.5,3.4,0.01
13-555,"Potato chips, homemade, fried in rapeseed oil",DAP,202,3.6,6.7,0.44,34.1,0.9,3.4,0.008
13-597,"Potato chips, homemade, fried in sunflower oil",DAP,197,3.2,6.7,0.82,33.1,1.5,3.4,0.008
13-557,"Potato chips, microwave, cooked",DAP,221,3.6,9.6,0.55,32.1,0.6,2.9,0.1
13-487,"Potato chips, oven ready, no batter, baked",DAP,189,3.2,4.9,0.78,35.3,1.0,3.5,0.078
13-488,"Potato chips, oven ready, with batter, baked",DAP,202,3.4,6.1,1.3,35.6,0.4,3.3,0.482
50-681,"Potato chips, straight cut, frozen, fried in blended oil",DAP,273,4.1,13.5,1.2,36.0,0.7,2.4,0.072
13-025,"Potato chips, straight cut, frozen, fried in corn oil",DAP,273,4.1,13.5,2.5,36.0,0.7,2.4,0.072
50-683,"Potato chips, straight cut, frozen, fried in dripping",DAP,273,4.1,13.5,7.5,36.0,0.7,2.4,0.075
13-027,"Potato chips, thick cut, frozen, fried in corn oil",DAP,234,3.6,10.2,1.9,34.0,0.8,2.4,0.102
17-671,"Potato crisps, fried in sunflower oil",SNA,493,6.2,28.8,2.48,55.8,0.9,4.4,1.51
17-693,"Potato crisps, low fat",SN,458,6.6,21.5,1.85,63.5,1.5,5.9,1.825
13-038,"Potato croquettes, fried in blended oil",DAR,214,3.7,13.1,1.7,21.6,0.5,1.3,1.05
13-615,"Potato powder, instant, made up with semi-skimmed milk",DAR,67,2.4,0.5,0.3,14.2,1.5,1.0,0.25
13-616,"Potato powder, instant, made up with skimmed milk",DAR,66,2.4,0.1,0.0,14.2,1.5,1.0,0.25
13-558,"Potato powder, instant, made up with water",DAR,57,1.5,0.1,0.0,13.5,0.7,1.2,0.25
13-617,"Potato powder, instant, made up with whole milk",DAR,76,2.4,1.2,0.0,14.8,2.0,1.0,0.25
13-598,"Potato powder, instant, raw",DAR,320,8.4,0.6,0.1,74.9,4.1,7.7,1.125
13-533,"Potato products, shaped, frozen, baked",DA,190,2.5,8.3,0.89,28.1,0.4,2.7,0.635
17-643,Potato rings,SN,480,3.6,22.4,1.92,70.5,0.3,2.6,2.112
17-642,"Potato snacks, pringle-type, fried in vegetable oil",SNA,519,4.3,31.8,8.41,57.4,1.5,2.9,1.498
13-483,"Potato wedges, retail, cooked",DAR,176,2.8,5.5,2.49,30.6,0.8,4.3,0.495
15-259,"Potato, leek and celery bake",DR,122,4.4,6.5,3.9,12.6,1.6,0.8,1.225
15-261,"Potatoes with onions and eggs, fried",DR,316,7.8,23.8,4.3,19.1,1.4,1.4,1.35
15-850,"Potatoes, duchesse",DR,124,3.1,5.1,2.89,17.5,0.8,1.6,0.132
13-610,"Potatoes, new and salad, boiled in salted water, flesh and skin",DAE,68,1.8,0.1,0.04,14.9,1.1,1.8,0.065
13-495,"Potatoes, new and salad, boiled in unsalted water, flesh and skin",DAE,68,1.8,0.1,0.04,14.9,1.1,1.8,0.008
13-618,"Potatoes, new and salad, flesh only, raw",DAE,68,1.7,0.1,0.04,16.1,1.3,1.8,0.008
13-619,"Potatoes, new, frozen, `roast' in corn oil",DAE,157,2.5,6.6,0.8,23.4,1.0,3.0,0.25
13-491,"Potatoes, old, baked, flesh and skin",DAM,97,2.5,0.2,0.1,22.6,1.4,2.6,0.005
13-620,"Potatoes, old, baked, flesh only",DAM,77,2.2,0.1,0.0,18.0,0.7,1.4,0.002
13-621,"Potatoes, old, baked, flesh only, weighed with skin",DAM,52,1.5,0.1,0.0,12.1,0.5,0.9,0.002
13-605,"Potatoes, old, boiled in salted water, flesh only",DAM,74,1.8,0.1,0.03,17.5,0.8,1.6,0.16
13-490,"Potatoes, old, boiled in unsalted water, flesh only",DAM,74,1.8,0.1,0.03,17.5,0.8,1.6,0.002
13-553,"Potatoes, old, mashed with butter",DAM,102,1.9,3.9,2.42,15.9,1.0,1.4,0.09
13-554,"Potatoes, old, mashed with reduced fat spread",DAM,93,1.8,2.8,0.68,15.9,1.0,1.4,0.075
13-494,"Potatoes, old, microwaved, flesh and skin",DAM,92,2.6,0.1,0.03,21.5,2.1,2.7,0.005
13-566,"Potatoes, old, potato wedges, with skin, cooked in sunflower oil, homemade",DAM,145,2.9,3.8,0.47,26.5,1.7,3.0,0.005
13-489,"Potatoes, old, raw, flesh only",DAM,82,1.9,0.1,0.03,19.6,0.9,2.0,0.005
13-599,"Potatoes, old, roasted in corn oil",DAM,161,2.6,5.7,0.84,26.4,1.2,2.7,0.008
13-600,"Potatoes, old, roasted in lard",DAM,161,2.6,5.7,2.29,26.4,1.2,2.7,0.008
13-534,"Potatoes, old, roasted in rapeseed oil",DA,161,2.6,5.7,0.4,26.4,1.2,2.7,0.008
13-492,"Potatoes, old, roasted in sunflower oil, flesh only",DAM,161,2.6,5.7,0.7,26.4,1.2,2.7,0.008
13-493,"Potatoes, old, wedges, with skin, homemade, cooked in rapeseed oil",DAM,145,2.9,3.8,0.27,26.5,1.7,3.0,0.005
18-305,"Poussin, raw, meat and skin",MCA,202,19.1,13.9,3.8,0.0,0.0,0.0,0.175
18-306,"Poussin, raw, meat and skin, weighed with bone",MCA,117,11.1,8.1,2.2,0.0,0.0,0.0,0.1
11-1023,"Prawn crackers, takeaway",AT,570,0.3,39.0,3.64,58.2,2.2,0.9,1.918
16-388,"Prawns, king, grilled from raw",JK,102,23.5,0.9,0.2,0.0,0.0,0.0,0.762
16-389,"Prawns, king, purchased cooked",JK,68,16.2,0.4,0.1,0.0,0.0,0.0,1.608
16-481,"Prawns, king, purchased cooked, weighed with shells",JK,37,8.7,0.2,0.05,0.0,0.0,0.0,0.868
16-387,"Prawns, king, raw",JK,77,17.6,0.7,0.17,0.0,0.0,0.0,0.538
16-482,"Prawns, standard, dried",JK,377,83.1,4.9,0.81,0.0,0.0,0.0,7.93
16-384,"Prawns, standard, purchased cooked",JK,70,15.4,0.9,0.15,0.0,0.0,0.0,1.47
17-758,Pre-mixed spirit based drinks,Q,52,0.0,0.0,0.0,8.0,8.0,0.0,0.0
14-230,"Prickly pears, flesh and seeds",FA,49,0.7,0.3,0.1,11.5,11.5,0.0,0.01
12-405,"Profiteroles with sauce, frozen",BR,346,5.5,25.7,14.01,24.6,17.0,1.4,0.325
14-289,Prune juice,FC,57,0.5,0.1,0.0,14.4,14.4,0.0,0.03
14-237,"Prunes, canned in juice, whole contents",FA,79,0.7,0.2,0.0,19.7,19.7,2.4,0.045
14-231,"Prunes, flesh and skin",FA,160,2.8,0.5,0.0,38.4,38.4,6.5,0.03
14-233,"Prunes, flesh and skin, stewed with sugar",FA,103,1.3,0.2,0.0,25.5,25.5,3.1,0.012
14-234,"Prunes, flesh and skin, stewed with sugar, weighed with stones",FA,95,1.2,0.2,0.0,23.5,23.5,2.9,0.012
14-235,"Prunes, flesh and skin, stewed without sugar",FA,81,1.4,0.3,0.1,19.5,19.5,3.3,0.015
14-236,"Prunes, flesh and skin, stewed without sugar, weighed with stones",FA,74,1.3,0.2,0.0,17.8,17.8,3.0,0.012
14-232,"Prunes, flesh and skin, weighed with stones",FA,134,2.4,0.4,0.0,32.3,32.3,5.5,0.025
14-391,"Prunes, ready-to-eat, semi-dried",FA,149,2.3,0.3,0.06,36.5,36.5,5.2,0.008
14-398,"Prunes, ready-to-eat, semi-dried, weighed with stones",FA,128,2.0,0.3,0.05,31.4,31.4,4.5,0.008
11-1037,"Pudding, bread and butter, homemade",AS,137,6.3,5.3,2.11,17.0,12.4,0.3,0.325
11-1051,"Pudding, Christmas, homemade",AS,316,5.0,9.8,0.0,54.6,33.8,0.0,0.298
11-1022,"Pudding, Christmas, retail",AS,285,3.0,6.9,3.57,56.3,46.2,4.0,0.25
11-1065,"Pudding, Eve's pudding, homemade",AS,252,3.3,13.4,7.88,31.4,20.0,1.4,0.54
11-1097,"Pudding, Queen of Puddings, homemade",AS,195,5.0,7.6,4.08,34.2,27.5,0.0,0.372
12-580,"Pudding, rice, canned",BR,85,3.3,1.3,0.76,16.1,8.7,0.1,0.108
12-553,"Pudding, rice, canned, low fat",BR,81,3.5,0.8,0.5,16.0,8.7,0.1,0.108
12-514,"Pudding, rice, homemade, with semi-skimmed milk",BR,127,4.2,4.4,2.79,19.0,10.3,0.1,0.168
12-607,"Pudding, rice, homemade, with skimmed milk",BR,114,4.3,2.9,1.8,19.1,10.4,0.1,0.162
12-608,"Pudding, rice, homemade, with whole milk",BR,145,4.2,6.5,4.07,18.9,10.2,0.1,0.158
11-1021,"Pudding, sponge, canned",AS,265,3.1,9.1,4.98,45.4,25.8,0.8,0.85
11-1119,"Pudding, sponge, homemade",AS,327,5.7,14.6,4.82,46.2,18.5,1.4,0.748
11-1120,"Pudding, sponge, with dried fruit, homemade",AS,332,5.5,13.4,4.24,50.5,25.2,1.3,0.692
11-1121,"Pudding, sponge, with jam or treacle, homemade",AS,333,5.3,13.3,4.41,51.1,25.8,1.2,0.728
11-1122,"Pudding, spotted dick, homemade",AS,344,4.5,16.1,9.02,48.3,19.1,1.2,0.565
11-1124,"Pudding, suet, homemade",AS,352,4.8,17.6,9.88,46.4,14.5,1.1,0.615
14-842,Pumpkin seeds,GA,565,24.4,45.6,7.0,15.2,1.1,5.3,0.045
13-549,"Pumpkin, flesh only, boiled in unsalted water",DG,12,0.6,0.3,0.1,1.9,1.8,1.1,0.0
13-326,"Pumpkin, flesh only, raw",DG,13,0.7,0.2,0.1,2.2,1.7,1.0,0.0
11-911,"Puri, homemade",AF,366,7.2,22.3,2.66,36.5,1.2,3.5,0.698
12-948,"Quiche, cheese and egg, homemade",CD,305,12.5,22.3,10.4,14.6,1.6,1.2,0.775
11-995,"Quiche, cheese and egg, wholemeal, homemade",CD,294,13.0,20.4,11.82,15.6,1.6,2.1,0.775
12-952,"Quiche, Lorraine, homemade",CD,358,15.3,26.0,11.19,16.8,2.2,1.3,1.47
12-936,"Quiche, Lorraine, shortcrust pastry, retail",CD,269,9.1,17.6,8.31,19.7,3.2,1.3,0.848
12-953,"Quiche, Lorraine, wholemeal pastry, homemade",CD,354,15.8,24.9,13.37,18.0,2.2,2.3,1.468
12-954,"Quiche, mushroom, homemade",CD,278,9.9,20.0,8.97,15.5,1.3,1.4,0.632
12-955,"Quiche, mushroom, wholemeal, homemade",CD,267,10.5,18.1,10.55,16.6,1.3,2.4,0.63
12-949,"Quiche, vegetable, retail",CD,289,8.1,19.7,8.34,21.2,3.5,2.8,0.5
14-241,"Quinces, flesh only",FA,26,0.3,0.1,0.0,6.3,6.3,0.0,0.008
14-843,"Quinoa, raw",GA,309,13.8,5.0,0.5,55.7,6.1,7.0,0.152
15-262,Quorn korma,DR,140,3.7,7.0,3.7,16.7,1.3,0.0,0.45
13-574,"Quorn, pieces, as purchased",DG,73,14.0,1.4,0.4,1.1,0.4,8.3,0.75
18-387,"Rabbit, raw, meat only",MEC,137,21.9,5.5,2.1,0.0,0.0,0.0,0.168
18-388,"Rabbit, stewed, meat only",MEC,114,21.2,3.2,1.7,0.0,0.0,0.0,0.12
18-389,"Rabbit, stewed, meat only, weighed with bone",MEC,68,12.7,1.9,1.0,0.0,0.0,0.0,0.072
13-329,"Raddiccio, raw",DG,14,1.4,0.2,0.0,1.7,1.7,1.8,0.018
13-332,"Radish leaves, raw",DG,33,3.5,0.5,0.0,3.5,0.0,0.0,0.275
13-656,"Radish, red, flesh and skin, raw",DG,12,0.7,0.4,0.2,1.4,1.4,1.1,0.052
13-331,"Radish, white/mooli, raw",DG,15,0.8,0.1,0.0,2.9,2.9,0.0,0.068
14-393,"Raisins, dried",FA,256,3.0,1.0,0.15,62.6,62.6,2.7,0.042
17-832,"Raita, homemade",WC,57,4.4,2.4,1.32,5.8,5.8,0.4,0.172
12-595,"Raita, yogurt and gram flour, homemade",BV,103,3.3,6.6,3.83,8.1,5.3,1.4,0.07
14-243,"Rambutan, flesh only",FA,69,1.0,0.4,0.0,16.3,16.3,0.0,0.002
13-333,"Rape leaves, raw",DG,37,3.8,0.3,0.0,4.8,0.0,0.0,0.0
14-375,"Raspberries, raw",FA,25,0.8,0.3,0.1,5.1,5.1,3.7,0.0
14-245,"Raspberries, stewed with sugar",FA,63,1.2,0.3,0.1,15.0,15.0,2.2,0.005
14-246,"Raspberries, stewed without sugar",FA,24,1.4,0.3,0.1,4.4,4.4,2.4,0.005
15-659,"Ratatouille, homemade",DR,82,1.2,7.0,0.88,3.8,3.3,1.7,0.008
15-853,Red pea loaf,DR,127,9.2,3.4,0.78,15.6,0.9,6.0,0.07
11-877,"Red rice, boiled in unsalted water",AC,129,3.0,1.2,0.18,28.2,0.2,1.4,0.018
16-127,"Red snapper, flesh only, fried in blended oil, weighed with bones and skin",JA,126,24.5,3.1,0.6,0.0,0.0,0.0,0.3
16-128,"Red snapper, flesh only, fried in blended oil, weighed with bones and skin",JA,64,12.5,1.6,0.3,0.0,0.0,0.0,0.148
16-129,"Red snapper, flesh only, fried in sunflower oil",JA,126,24.5,3.1,0.7,0.0,0.0,0.0,0.3
16-130,"Red snapper, flesh only, fried in sunflower oil, weighed with bones and skin",JA,64,12.5,1.6,0.3,0.0,0.0,0.0,0.148
16-126,"Red snapper, flesh only, raw",JA,90,19.6,1.3,0.3,0.0,0.0,0.0,0.192
14-249,"Redcurrants, raw",FA,21,1.1,0.0,0.0,4.4,4.4,3.4,0.005
14-250,"Redcurrants, stewed with sugar",FA,53,0.9,0.0,0.0,13.3,13.3,2.7,0.002
14-251,"Redcurrants, stewed without sugar",FA,17,0.9,0.0,0.0,3.8,3.8,2.9,0.002
16-131,"Redfish, raw",JA,98,18.4,2.7,0.5,0.0,0.0,0.0,0.182
15-854,Re-fried beans,DR,169,7.1,8.6,2.54,15.0,1.4,5.6,0.218
17-708,"Relish, corn/cucumber/onion",WCN,144,1.0,0.3,0.0,36.6,28.9,1.5,1.05
17-354,"Relish, tomato based",WCN,114,1.2,0.1,0.0,27.6,25.1,1.3,1.2
14-252,"Rhubarb, stems only, raw",FA,7,0.9,0.1,0.0,0.8,0.8,1.4,0.008
14-253,"Rhubarb, stems only, stewed with sugar",FA,48,0.9,0.1,0.0,11.5,11.5,1.2,0.002
14-389,"Rhubarb, stems only, stewed without sugar",FA,14,1.0,0.6,0.06,1.2,1.2,1.3,0.002
15-855,Rice and black-eye beans,DR,170,5.6,2.2,0.95,34.1,0.9,1.4,0.038
15-856,"Rice and black-eye beans, brown rice",DR,164,5.9,2.4,0.96,31.6,1.0,1.8,0.038
15-857,Rice and pigeon peas,DR,163,4.9,2.2,0.89,33.1,0.7,0.0,0.045
15-858,"Rice and pigeon peas, brown rice",DR,157,5.2,2.3,0.9,30.8,0.8,0.0,0.042
15-859,Rice and red kidney beans,DR,158,5.2,2.1,0.88,31.5,0.5,2.3,0.038
15-860,"Rice and red kidney beans, brown rice",DR,152,5.5,2.3,0.89,29.1,0.6,2.4,0.038
15-861,Rice and split peas,DR,186,5.8,2.5,1.0,37.3,0.8,1.2,0.05
15-862,"Rice and split peas, brown rice",DR,179,6.2,2.7,1.01,34.7,0.9,1.7,0.05
11-867,"Rice, brown, basmati, boiled in unsalted water",AC,131,3.3,1.1,0.21,28.7,0.3,1.2,0.0
11-866,"Rice, brown, basmati, raw",AC,355,8.9,3.1,0.58,77.6,0.8,3.3,0.002
11-871,"Rice, brown, easy cook, boiled in unsalted water",AC,157,3.2,1.3,0.0,35.3,0.3,1.5,0.002
11-870,"Rice, brown, easy cook, raw",AC,366,7.5,3.1,0.0,82.1,0.7,3.5,0.005
11-869,"Rice, brown, wholegrain, boiled in unsalted water",AC,132,3.6,0.9,0.17,29.2,0.1,1.5,0.01
11-868,"Rice, brown, wholegrain, raw",AC,333,7.7,1.5,0.28,77.0,0.7,3.0,0.0
11-885,"Rice, egg fried, ready cooked, re-heated, retail, not takeaway",AC,169,3.9,5.3,0.72,28.1,0.0,2.8,1.022
11-444,"Rice, egg fried, takeaway",AC,186,4.3,4.9,0.62,33.3,0.0,1.1,1.042
11-968,"Rice, pilau, plain, homemade",AC,134,2.5,3.7,0.47,24.3,0.8,0.6,0.002
11-884,"Rice, ready-cooked, ""plain"", re-heated",AC,161,4.1,1.9,0.3,33.9,0.0,1.1,0.378
11-876,"Rice, red, raw",AC,356,7.0,2.9,0.53,80.4,0.9,4.1,0.005
11-881,"Rice, savoury, including chicken, beef, mushroom and vegetable varieties, dried, cooked",AC,155,3.7,1.4,0.46,34.0,3.2,1.7,0.725
11-880,"Rice, savoury, including chicken, beef, mushroom and vegetable varieties, dried, uncooked",AC,369,8.0,2.7,0.91,83.3,6.7,3.6,3.078
11-875,"Rice, Thai fragrant, boiled in unsalted water",AC,133,2.3,0.4,0.09,32.1,0.0,0.0,0.01
11-874,"Rice, Thai fragrant, raw",AC,352,6.4,1.1,0.27,84.5,0.1,0.8,0.002
11-858,"Rice, white, basmati, boiled in unsalted water",AC,117,2.8,0.7,0.16,26.5,0.0,0.6,0.01
11-860,"Rice, white, basmati, easy cook, boiled in unsalted water",AC,138,3.5,0.4,0.09,32.2,0.0,0.0,0.01
11-859,"Rice, white, basmati, easy cook, raw",AC,350,8.1,0.4,0.11,83.8,0.6,1.4,0.008
11-857,"Rice, white, basmati, raw",AC,351,8.1,0.5,0.14,83.7,0.1,1.1,0.002
11-879,"Rice, white, Italian ""Arborio"" risotto, boiled in unsalted water",AC,138,3.2,0.5,0.09,32.2,0.0,0.0,0.01
11-878,"Rice, white, Italian Arborio risotto, raw",AC,354,6.4,1.0,0.21,85.2,0.2,1.4,0.002
11-862,"Rice, white, long grain, boiled in unsalted water",AC,131,2.8,0.4,0.09,31.1,0.0,0.5,0.028
11-864,"Rice, white, long grain, easy cook, boiled in unsalted water",AC,146,3.0,0.4,0.08,34.7,0.0,0.7,0.015
11-863,"Rice, white, long grain, easy cook, raw",AC,347,7.0,1.1,0.23,82.3,0.0,1.7,0.005
11-861,"Rice, white, long grain, raw",AC,355,6.7,1.0,0.25,85.1,0.2,1.1,0.002
11-865,"Rice, white, pudding, raw",AC,352,5.6,0.9,0.22,85.6,0.2,1.0,0.002
11-873,"Rice, wild, boiled in unsalted water",AC,145,5.3,0.6,0.12,31.7,0.4,2.5,0.01
11-872,"Rice, wild, raw",AC,343,12.2,1.1,0.25,75.8,0.1,4.3,0.01
19-566,"Risotto, chicken, homemade",MR,173,8.9,3.3,1.54,25.3,0.0,0.8,0.888
11-999,"Risotto, plain, homemade",AT,184,3.3,4.7,0.67,35.6,1.0,0.9,1.118
15-864,"Risotto, vegetable, brown rice",DR,136,4.0,6.2,0.72,17.3,1.8,2.4,0.185
15-863,"Risotto, white rice, vegetable, homemade",DR,139,3.8,6.1,0.71,18.5,1.7,2.2,0.185
15-281,"Rissoles, brown rice, fried in sunflower oil",DR,216,5.6,8.8,1.3,30.8,1.5,2.5,0.875
15-282,"Rissoles, brown rice, fried in vegetable oil",DR,216,5.6,8.8,1.2,30.8,1.5,2.5,0.875
15-865,"Rissoles, chick pea, fried in sunflower oil",DR,243,8.0,16.7,2.06,16.0,0.4,4.1,0.028
15-866,"Rissoles, chick pea, fried in vegetable oil",DR,243,8.0,16.7,1.34,16.0,0.4,4.1,0.028
15-279,"Rissoles, lentil, fried in sunflower oil",DR,211,8.9,10.5,1.4,22.0,2.0,3.6,0.575
15-280,"Rissoles, lentil, fried in vegetable oil",DR,211,8.9,10.5,1.3,22.0,2.0,3.6,0.575
15-867,"Rissoles, vegetable, fried in sunflower oil",DR,121,1.5,7.2,1.19,13.2,1.6,1.3,0.058
15-868,"Rissoles, vegetable, fried in vegetable oil",DR,121,1.5,7.2,0.89,13.2,1.6,1.3,0.058
11-1109,"Rock cakes, homemade",AN,386,5.3,14.8,4.9,61.8,32.0,1.4,0.955
16-134,"Rock Salmon/Dogfish, in batter, fried in blended oil",JA,295,14.7,21.9,2.9,10.3,0.0,0.4,0.4
16-135,"Rock Salmon/Dogfish, in batter, fried in blended oil, weighed with bones",JA,274,13.7,20.4,2.7,9.6,0.0,0.4,0.375
16-136,"Rock Salmon/Dogfish, in batter, fried in dripping",JA,295,14.7,21.9,9.6,10.3,0.0,0.4,0.4
16-137,"Rock Salmon/Dogfish, in batter, fried in dripping, weighed with bones",JA,274,13.7,20.4,8.9,9.6,0.0,0.4,0.375
16-138,"Rock Salmon/Dogfish, in batter, fried in retail blend oil",JA,295,14.7,21.9,5.3,10.3,0.0,0.4,0.4
16-139,"Rock Salmon/Dogfish, in batter, fried in retail blend oil, weighed with bones",JA,274,13.7,20.4,4.9,9.6,0.0,0.4,0.375
16-140,"Rock Salmon/Dogfish, in batter, fried in sunflower oil",JA,295,14.7,21.9,3.1,10.3,0.0,0.4,0.4
16-141,"Rock Salmon/Dogfish, in batter, fried in sunflower oil, weighed with bones",JA,274,13.7,20.4,2.9,9.6,0.0,0.4,0.375
16-133,"Rock Salmon/Dogfish, raw",JA,154,16.6,9.7,1.4,0.0,0.0,0.0,0.3
13-522,"Rocket, raw",DG,18,3.6,0.4,0.07,0.0,0.0,1.7,0.075
16-301,"Roe, cod, hard, coated in batter, fried",JR,189,12.4,11.8,0.0,8.9,0.0,0.2,1.275
16-299,"Roe, cod, hard, raw",JR,104,21.7,1.9,0.4,0.0,0.0,0.0,0.275
16-302,"Roe, herring, soft, raw",JR,91,16.8,2.6,0.5,0.0,0.0,0.0,0.3
16-132,"Rohu, raw",JA,79,16.6,1.4,0.0,0.0,0.0,0.0,0.25
13-882,"Rosemary, dried",H,331,4.9,15.2,7.37,46.4,0.0,42.6,0.125
13-892,"Rosemary, fresh",H,99,1.4,4.4,2.15,13.5,0.0,12.4,0.038
15-869,"Roulade, spinach",DR,182,10.1,13.3,7.33,4.5,2.0,1.1,0.672
11-1111,"Rum baba, homemade",AP,222,3.7,7.7,1.94,33.1,19.7,0.9,0.148
11-940,Rusks,AK,396,6.5,10.7,4.59,73.0,23.4,2.4,0.22
15-629,"Saag, homemade",DR,111,3.3,8.8,1.45,5.0,1.7,2.3,0.962
13-852,Saffron,H,310,11.4,5.9,0.0,61.5,42.4,0.0,0.375
13-854,"Sage, dried, ground",H,315,10.6,12.7,7.0,42.7,0.0,0.0,0.028
13-853,"Sage, fresh",H,119,3.9,4.6,2.6,15.6,0.0,0.0,0.01
11-023,"Sago, raw",AA,355,0.2,0.2,0.1,94.0,0.0,0.5,0.008
17-703,Salad cream,WCG,326,1.5,26.7,0.0,21.2,16.7,0.5,1.75
17-704,"Salad cream, reduced fat",WCG,157,1.0,10.6,1.57,15.5,9.2,0.5,1.325
15-870,"Salad, beetroot and onion in French dressing",DR,71,1.9,3.1,0.0,9.5,8.2,0.0,0.312
15-871,"Salad, Greek",DR,131,2.7,12.6,3.32,1.9,1.8,0.9,0.522
15-648,"Salad, green",DR,13,1.0,0.4,0.04,1.6,1.6,1.1,0.02
15-872,"Salad, pasta, vegetables and mayonnaise",DR,150,3.7,7.9,0.76,17.5,1.9,1.4,0.055
15-873,"Salad, potato, with French dressing",DR,111,1.5,5.0,0.0,15.8,2.1,1.5,0.232
15-874,"Salad, potato, with mayonnaise",DR,239,1.6,20.6,1.57,12.7,1.5,1.2,0.092
15-654,"Salad, potato, with mayonnaise, retail",DR,158,1.5,11.8,0.0,12.3,1.9,1.2,0.4
15-875,"Salad, rice, brown",DR,160,3.5,7.3,0.85,21.6,5.0,1.2,0.425
15-649,"Salad, rice, homemade",DR,168,3.1,7.0,1.04,24.5,4.9,0.8,0.428
15-876,"Salad, tomato and onion",DR,45,0.6,2.7,0.0,4.9,4.1,1.3,0.11
15-878,"Salad, Waldorf",DR,196,1.5,17.8,1.53,7.9,7.9,1.1,0.078
15-294,"Salad, wholemeal pasta, with vegetables and mayonnaise",DR,131,3.1,7.5,1.1,13.8,2.6,2.7,0.182
19-517,Salami,MI,438,20.9,39.2,14.6,0.5,0.5,0.4,3.825
19-508,Salami snack,MI,504,25.1,44.0,16.79,1.9,1.9,0.5,4.0
19-625,"Salmis of pheasant, homemade",MR,106,9.9,5.6,0.0,2.4,1.4,0.4,0.548
16-453,"Salmon en croute, retail",JR,288,11.8,19.1,0.0,18.0,0.9,0.0,0.475
16-359,"Salmon, farmed, flesh only, baked",J,232,25.2,14.6,2.76,0.0,0.0,0.0,0.122
16-357,"Salmon, farmed, flesh only, grilled",J,239,24.6,15.6,2.95,0.0,0.0,0.0,0.122
16-484,"Salmon, farmed, flesh only, grilled, weighed with bones and skin",JC,208,21.4,13.6,2.57,0.0,0.0,0.0,0.108
16-356,"Salmon, farmed, flesh only, raw",J,217,20.4,15.0,2.77,0.0,0.0,0.2,0.108
16-358,"Salmon, farmed, flesh only, steamed",J,261,23.6,18.5,3.5,0.0,0.0,0.0,0.128
16-483,"Salmon, farmed, flesh only, steamed, fillets weighed with bones and skin",JC,227,20.5,16.1,3.04,0.0,0.0,0.0,0.112
16-420,"Salmon, pink, canned in brine, drained",JC,138,23.6,4.8,0.92,0.0,0.0,0.0,0.88
16-418,"Salmon, red, canned in brine, drained",JC,160,23.5,7.3,1.43,0.0,0.0,0.0,1.075
16-419,"Salmon, red, canned in brine, skinless and boneless, drained",JC,153,23.2,6.7,1.28,0.0,0.0,0.0,0.948
16-412,"Salmon, smoked (cold-smoked)",JC,184,22.8,10.1,2.15,0.5,0.5,0.0,2.96
16-413,"Salmon, smoked (hot-smoked)",JC,186,25.4,8.8,1.94,1.3,1.3,0.0,2.12
16-485,"Salmon, wild, baked",JC,215,26.5,12.1,2.53,0.0,0.0,0.0,0.145
16-360,"Salmon, wild, flesh only, raw",J,179,22.1,10.1,2.11,0.0,0.0,0.0,0.12
16-486,"Salmon, wild, grilled",JC,210,25.9,11.8,2.47,0.0,0.0,0.0,0.14
16-487,"Salmon, wild, steamed",JC,206,25.3,11.6,2.42,0.0,0.0,0.0,0.138
13-601,"Salsify, flesh only, boiled in unsalted water",DG,23,1.1,0.4,0.0,8.6,1.4,3.5,0.012
13-334,"Salsify, flesh only, raw",DG,27,1.3,0.3,0.0,10.2,1.5,3.2,0.012
17-367,Salt,WY,0,0.0,0.0,0.0,0.0,0.0,0.0,98.25
16-010,"Salted fish, Chinese, bones removed, steamed",JA,155,33.9,2.2,0.0,0.0,0.0,0.0,13.9
12-467,"Sambar, homemade",DR,49,3.1,0.9,0.17,7.7,1.9,2.4,1.11
19-596,"Samosas, lamb, baked, homemade",MR,288,11.1,17.5,3.39,23.1,1.6,2.3,0.1
19-597,"Samosas, lamb, deep fried in rapeseed oil, homemade",MI,379,8.1,31.5,3.72,16.9,1.2,1.7,0.072
15-305,"Samosas, vegetable, retail",DR,217,5.1,9.3,1.09,30.0,2.7,3.5,0.975
11-955,"Sandwich, white bread, bacon, lettuce and tomato",AB,230,8.2,11.9,2.46,24.1,2.4,1.5,1.192
11-963,"Sandwich, white bread, cheddar cheese and pickle",AB,282,12.0,14.4,7.42,27.7,4.6,1.5,1.478
11-964,"Sandwich, white bread, chicken salad",AB,172,10.7,4.9,1.16,22.5,2.1,1.4,0.588
11-966,"Sandwich, white bread, egg mayonnaise",AB,243,8.8,11.2,1.89,28.5,2.2,1.5,0.808
11-965,"Sandwich, white bread, ham salad",AB,163,8.2,4.1,0.94,25.0,2.5,1.6,1.012
11-967,"Sandwich, white bread, tuna mayonnaise",AB,237,12.5,10.2,1.29,25.3,2.1,1.4,0.875
14-256,"Sapodilla, flesh only",FA,69,0.6,0.9,0.0,15.5,14.7,0.0,0.018
16-424,"Sardines, canned in brine, drained",JC,170,22.1,9.1,2.61,0.0,0.0,0.0,0.92
16-440,"Sardines, canned in olive oil, drained",JC,220,23.3,14.1,3.33,0.0,0.0,0.0,1.0
16-439,"Sardines, canned in sunflower oil, drained",JC,220,23.3,14.1,3.21,0.0,0.0,0.0,1.0
16-422,"Sardines, canned in tomato sauce, whole contents",JC,175,18.5,10.8,2.89,0.9,0.9,0.0,0.788
16-438,"Sardines, flesh only, grilled",JC,172,25.4,7.8,2.35,0.0,0.0,0.0,0.435
16-488,"Sardines, flesh only, grilled, weighed with skin and bones",JC,108,16.0,4.9,1.48,0.0,0.0,0.0,0.275
16-401,"Sardines, flesh only, raw",JC,134,19.8,6.1,1.83,0.0,0.0,0.0,0.34
12-593,"Sauce, cheese, packet mix, dry",BV,486,19.3,28.4,17.6,40.9,5.6,1.7,6.75
17-628,"Sauce, Chinese cook in, sweet & sour",WC,94,0.5,1.0,0.0,22.1,19.4,0.8,0.625
17-629,"Sauce, Chinese stir fry",WC,92,1.4,1.3,0.12,19.9,16.7,0.9,1.425
15-879,"Sauce, curry, onion, with butter, homemade",DR,252,1.2,24.7,15.49,6.6,4.4,1.6,0.57
15-880,"Sauce, curry, onion, with vegetable oil, homemade",DR,298,1.0,30.0,1.96,6.5,4.2,1.6,0.028
15-751,"Sauce, curry, sweet, UK type, homemade",DR,92,1.1,5.7,1.37,9.8,5.7,1.4,0.03
15-881,"Sauce, curry, tomato and onion, homemade",DR,201,1.7,19.2,1.3,6.1,4.6,2.0,0.072
17-329,"Sauce, dry, casserole mix",WC,330,9.7,3.9,0.0,68.2,12.2,0.0,13.5
17-330,"Sauce, dry, casserole mix, made up",WC,35,1.1,0.4,0.0,7.3,1.2,0.0,1.475
19-577,"Sauce, duck a l'orange",MR,66,0.5,3.7,2.1,7.1,1.8,0.0,0.998
17-626,"Sauce, Indian cook in, korma/tikka masala",WC,133,1.7,9.5,4.41,10.9,7.4,2.5,0.675
17-625,"Sauce, pasta, carbonara type",WC,151,4.9,13.0,7.67,3.8,0.8,1.3,0.85
17-624,"Sauce, pasta, four cheese",WC,129,5.1,9.7,5.73,5.8,1.9,1.3,0.812
17-618,"Sauce, pasta, tomato based, for bolognese",WC,44,1.5,1.3,0.21,6.9,6.1,2.0,0.725
17-619,"Sauce, pasta, tomato based, napoletana",WC,65,1.5,3.8,0.54,6.5,6.3,2.3,0.725
17-620,"Sauce, pasta, tomato based, reduced fat",WC,33,1.4,0.3,0.06,6.7,5.6,2.0,0.575
17-621,"Sauce, pasta, tomato based, with added vegetables",WC,46,1.4,2.1,0.29,5.7,5.1,2.4,0.575
17-827,"Sauce, pasta, white, with ham and mushrooms, homemade",WC,129,7.3,10.6,6.6,1.0,1.0,0.4,0.495
17-336,"Sauce, sweet and sour, take-away",WCN,157,0.2,3.4,0.0,32.8,27.5,0.0,0.375
15-882,"Sauce, tomato and mushroom, homemade",DR,46,1.4,2.0,0.19,6.0,4.7,1.5,0.015
17-834,"Sauce, tomato based, homemade",WC,70,1.5,4.5,0.63,6.5,5.1,1.3,0.02
17-630,"Sauce, traditional cook in, tomato based",WC,43,0.9,1.0,0.15,8.1,4.9,1.5,0.75
17-631,"Sauce, traditional cook in, white sauce based",WC,105,1.6,8.6,1.69,5.7,2.8,2.3,0.925
17-627,"Sauces, Indian cook in, other",WC,67,1.4,3.2,0.5,8.7,6.1,2.5,0.75
13-336,Sauerkraut,DR,9,1.1,0.0,0.0,1.1,1.1,2.2,1.475
19-468,"Sausage roll, flaky pastry, ready-to-eat, retail",MI,352,8.4,24.1,10.36,27.0,1.3,3.4,1.442
19-643,"Sausage rolls, short pastry, homemade",MI,395,9.9,28.8,10.65,25.6,2.1,3.3,0.94
19-653,"Sausages, beef, fried in vegetable oil",MI,267,17.6,17.4,7.57,10.7,2.6,1.6,1.225
19-489,"Sausages, beef, grilled",MI,265,17.2,17.2,7.9,11.0,2.4,1.6,1.25
19-656,"Sausages, beef, raw",MI,258,12.7,19.5,7.59,8.4,2.6,1.5,0.95
19-512,"Sausages, pork, chilled, fried in vegetable oil",MI,308,13.9,23.9,8.5,9.9,1.6,2.1,1.6
19-509,"Sausages, pork, chilled, grilled",MI,294,14.5,22.1,8.0,9.8,1.5,2.3,1.6
19-654,"Sausages, pork, frozen, fried in vegetable oil",MI,316,13.8,24.8,8.8,10.0,0.5,2.1,1.6
19-655,"Sausages, pork, frozen, grilled",MI,289,14.8,21.2,7.6,10.5,0.5,2.3,1.6
19-510,"Sausages, pork, raw",MI,309,11.9,25.0,9.15,9.6,2.8,2.8,1.175
19-662,"Sausages, pork, reduced fat, fried in vegetable oil",MI,144,14.9,5.7,1.92,8.8,2.6,2.3,1.4
19-511,"Sausages, pork, reduced fat, grilled",MI,160,16.2,6.1,2.24,10.7,3.4,2.5,1.7
19-658,"Sausages, pork, reduced fat, raw",MI,141,14.4,5.6,2.09,8.7,3.5,2.3,1.25
19-661,"Sausages, premium, fried in vegetable oil",MI,256,17.9,19.5,7.54,2.5,1.0,0.0,1.4
19-513,"Sausages, premium, grilled",MI,275,19.0,21.1,8.03,2.3,0.9,0.6,1.425
19-657,"Sausages, premium, raw",MI,254,13.8,21.0,8.17,2.6,1.5,0.5,1.25
15-658,"Sausages, vegetarian, baked/grilled",DR,179,14.9,9.4,2.33,9.2,1.3,2.6,1.375
19-319,"Saveloy, unbattered, takeaway",MI,296,13.8,22.3,7.5,10.8,1.3,0.8,2.875
16-262,"Scallops, steamed",JM,118,23.2,1.4,0.4,3.4,0.0,0.0,0.45
16-409,"Scampi, coated in breadcrumbs, baked",JR,232,11.6,10.5,0.85,24.3,0.8,1.5,1.402
16-443,"Scampi, coated in breadcrumbs, fried in sunflower oil",JK,243,10.6,13.0,1.15,22.2,0.7,1.4,1.28
16-442,"Scampi, in breadcrumbs, frozen, fried in rapeseed oil",JK,243,10.6,13.0,1.02,22.2,0.7,1.4,1.28
11-1112,"Scones, cheese, homemade",AP,358,10.1,16.4,7.18,45.3,1.9,2.1,1.648
11-993,"Scones, fruit, retail",AP,338,6.5,11.2,6.3,56.2,18.9,2.9,1.0
11-1115,"Scones, fruit, wholemeal, homemade",AP,322,7.7,11.1,3.65,50.8,13.9,4.8,1.355
11-958,"Scones, plain, homemade",AP,352,7.2,12.7,4.4,55.9,5.4,2.4,1.588
11-827,"Scones, plain, retail",AN,346,7.2,12.3,6.37,55.2,12.7,2.2,1.48
11-1113,"Scones, potato, homemade",AP,279,4.8,13.6,4.61,36.8,1.4,1.9,1.632
11-1114,"Scones, wholemeal, homemade",AP,319,8.2,12.3,4.08,46.6,5.6,5.8,1.505
17-835,"Scotch broth, homemade",WAA,74,6.8,3.5,1.6,4.0,1.6,0.9,0.055
19-518,"Scotch eggs, retail",MI,241,12.0,16.0,4.3,13.1,0.0,1.7,0.825
11-1116,"Scotch pancakes, homemade",AP,270,6.6,9.8,3.43,41.1,7.7,1.7,0.53
11-544,"Scotch pancakes, retail",AP,270,5.6,9.6,0.74,43.0,21.5,1.9,1.045
16-454,Seafood selection,JR,87,15.6,1.5,0.3,2.9,0.0,0.0,1.55
16-415,Seafood sticks,JR,102,7.3,1.9,0.29,14.9,4.8,0.0,1.785
13-337,"Seakale, stem only, boiled in unsalted water",DG,8,1.4,0.0,0.0,0.6,0.6,0.0,0.01
13-338,"Seaweed, Irish moss, raw",DG,8,1.5,0.2,0.0,0.0,0.0,12.3,0.168
13-339,"Seaweed, kombu, dried, raw",DG,43,7.1,1.6,0.5,0.0,0.0,58.7,4.575
13-340,"Seaweed, nori, dried, raw",DG,136,30.7,1.5,0.4,0.0,0.0,44.4,1.975
13-341,"Seaweed, wakame, dried, raw",DG,71,12.4,2.4,0.3,0.0,0.0,47.1,8.05
11-903,"Semolina, raw",AA,349,10.6,1.6,0.23,77.9,0.6,2.9,0.002
16-367,"Sesame prawn toast, takeaway",JR,382,12.9,29.8,3.84,16.7,0.8,3.6,1.175
14-844,Sesame seeds,GA,598,18.2,58.0,10.48,0.9,0.4,7.9,0.05
17-836,"Sev/ganthia, homemade",SNC,478,18.8,25.1,1.87,47.1,1.9,8.4,0.005
11-915,"Sevyian, homemade",AS,119,3.8,3.1,1.86,20.2,13.6,1.0,0.1
13-342,"Shallots, raw",DG,20,1.5,0.2,0.0,3.3,3.3,1.4,0.025
17-760,"Shandy, 50% lager, homemade",QA,23,0.2,0.0,0.0,2.9,2.9,0.0,0.018
17-821,"Shandy, bottled or canned",QA,24,0.0,0.0,0.0,5.0,5.0,0.0,0.018
16-142,"Shark, raw",JA,102,23.0,1.1,0.2,0.0,0.0,0.0,0.35
14-259,"Sharon fruit, flesh only",FA,73,0.8,0.0,0.0,18.6,18.6,1.6,0.012
19-626,"Shepherd's pie, homemade",MR,107,5.9,5.4,2.04,9.5,0.9,0.9,0.582
15-883,"Shepherd's pie, vegetable",DR,114,4.5,3.9,0.3,16.1,1.5,2.4,0.012
15-655,"Shepherd's pie, vegetable, retail",DR,101,1.9,4.9,2.0,13.3,1.7,1.2,0.525
17-236,"Sherry, medium",QF,116,0.1,0.0,0.0,5.9,5.9,0.0,0.068
19-525,Shish kebab in pitta bread with salad,MR,149,13.6,4.1,1.51,15.4,1.3,1.2,0.75
19-150,"Shish kebab, meat only",MR,206,29.0,10.0,3.9,0.0,0.0,0.0,1.275
19-627,"Shish kebabs, with onions and peppers, homemade",MR,206,12.8,15.2,5.6,4.6,3.0,1.2,0.105
11-802,Shortbread,AM,515,5.3,29.0,17.45,62.2,15.6,2.2,0.802
11-837,"Shortcake, caramel, chocolate covered, retail",AN,466,4.7,27.3,15.18,53.6,36.2,2.3,0.645
16-245,"Shrimps, boiled",JK,117,23.8,2.4,0.4,0.0,0.0,0.0,9.6
16-246,"Shrimps, boiled, weighed with shells",JK,39,7.9,0.8,0.1,0.0,0.0,0.0,3.175
16-247,"Shrimps, canned in brine, drained",JK,94,20.8,1.2,0.2,0.0,0.0,0.0,2.45
16-249,"Shrimps, dried",JK,245,55.8,2.4,0.4,0.0,0.0,0.0,10.825
16-248,"Shrimps, frozen",JK,73,16.5,0.8,0.1,0.0,0.0,0.0,0.95
16-144,"Skate, grilled",JA,79,18.9,0.5,0.1,0.0,0.0,0.0,0.375
16-145,"Skate, grilled, weighed with bones",JA,59,14.0,0.3,0.0,0.0,0.0,0.0,0.275
16-143,"Skate, raw",JA,64,15.1,0.4,0.0,0.0,0.0,0.0,0.3
17-096,Smartie-type sweets,SEA,456,5.4,17.5,10.4,73.9,70.8,0.0,0.145
17-747,Smoothies,PE,49,0.5,0.1,0.0,12.2,11.6,1.0,0.0
16-477,"Sole, flesh only, grilled, fillets weighed with skin",JA,71,16.6,0.5,0.12,0.0,0.0,0.0,0.29
12-393,"Sorbet, fruit",BP,97,0.2,0.3,0.0,24.8,23.3,1.0,0.025
12-958,"Souffle, cheese, homemade",CD,237,11.6,16.8,7.38,10.8,2.3,0.4,0.665
12-959,"Souffle, plain, homemade",CD,177,7.7,11.9,4.02,10.5,2.5,0.4,0.395
17-637,"Soup, broccoli and stilton, carton, chilled",WA,51,2.3,3.1,1.69,3.8,1.5,0.0,0.5
17-634,"Soup, carrot and coriander, carton, chilled",WA,45,0.9,2.6,1.38,4.7,3.0,1.0,0.45
17-776,"Soup, carrot and orange, homemade",WAA,20,0.3,0.5,0.22,3.8,3.5,1.7,0.028
17-850,"Soup, chicken noodle, dried",WAE,322,17.1,4.8,0.0,56.0,4.4,4.3,9.35
17-714,"Soup, chicken noodle, dried, as served",WAE,19,1.0,0.3,0.0,3.2,0.3,0.2,0.55
17-695,"Soup, chicken, cream of, canned",WAC,58,1.7,3.8,0.6,4.5,1.1,0.0,0.6
17-696,"Soup, chicken, cream of, canned, condensed",WAC,85,2.6,5.8,0.8,6.0,1.4,0.0,1.225
17-652,"Soup, cream of tomato, canned",WAC,51,0.9,2.0,0.27,7.8,5.5,0.6,0.612
17-794,"Soup, French onion, homemade",WAA,41,0.9,2.2,0.19,5.0,3.7,1.3,0.578
17-795,"Soup, gazpacho, homemade",WAA,46,0.8,3.6,0.5,2.9,2.5,0.7,0.32
17-796,"Soup, goulash, homemade",WAA,106,7.7,5.8,1.1,7.2,1.9,1.2,1.362
17-653,"Soup, instant, dried, as purchased",WAE,384,5.9,13.4,8.7,64.1,17.4,5.6,5.94
17-660,"Soup, instant, dried, as served",WAE,37,0.6,1.3,0.84,6.2,1.7,0.5,0.572
17-698,"Soup, lentil, canned",WAC,46,3.1,0.2,0.0,8.5,1.2,1.2,0.5
17-808,"Soup, lentil, homemade",WAA,121,5.9,4.8,2.81,14.6,1.7,1.4,0.145
17-699,"Soup, low calorie, canned",WAC,33,0.9,0.7,0.2,6.2,2.4,0.7,0.425
17-711,"Soup, minestrone, canned",WA,31,1.1,0.2,0.1,6.6,1.8,0.9,0.5
17-810,"Soup, minestrone, homemade",WAA,60,2.1,2.3,0.64,7.6,1.4,0.9,0.972
17-813,"Soup, mulligatawny, homemade",WAA,90,1.9,6.4,3.68,8.1,2.9,0.8,1.16
17-635,"Soup, mushroom, carton, chilled",WA,48,1.5,2.7,1.43,4.9,1.4,0.3,0.7
17-713,"Soup, mushroom, cream of, canned",WAC,46,1.1,3.0,0.5,3.9,0.8,0.1,0.575
17-700,"Soup, oxtail, canned",WAC,44,2.4,1.7,0.6,5.1,0.9,0.1,0.55
17-829,"Soup, pea and ham, homemade",WAA,73,4.1,2.2,1.07,9.8,1.5,1.4,0.588
17-831,"Soup, potato and leek, homemade",WAA,56,1.5,2.2,1.32,6.2,1.5,0.8,0.118
17-636,"Soup, tomato, carton, chilled",WA,37,0.9,1.9,0.86,4.3,3.3,1.4,0.495
17-712,"Soup, vegetable, canned",WAC,39,1.4,0.6,0.0,7.4,2.6,1.5,0.575
17-684,"Soup, vegetable, homemade",WAA,55,1.0,4.2,2.41,3.7,1.8,0.9,0.788
17-721,"Soy sauce, light and dark varieties",WCN,79,3.0,0.0,0.0,17.9,16.4,0.0,13.75
19-628,"Spaghetti bolognese, homemade",MR,151,8.1,6.1,2.15,17.2,1.8,1.2,0.23
19-542,"Spaghetti bolognese, retail, meat and sauce only, reheated",MR,108,9.3,5.7,2.3,5.3,3.0,0.9,0.725
19-524,"Spaghetti bolognese, retail, reheated, with spaghetti",MR,126,6.6,2.8,1.06,20.0,1.9,1.2,0.455
13-550,"Spinach, baby, boiled in unsalted water",DG,20,3.2,0.7,0.19,0.2,0.0,1.2,0.105
13-521,"Spinach, baby, raw",DG,16,2.6,0.6,0.08,0.2,0.0,1.0,0.075
17-417,"Spinach, dried",DI,211,24.3,6.9,0.9,13.8,12.9,18.2,3.05
13-458,"Spinach, frozen, boiled in unsalted water",DG,21,3.1,0.8,0.1,0.5,0.3,2.1,0.04
13-573,"Spinach, mature, boiled in unsalted water",DG,19,2.2,0.8,0.1,0.8,0.8,2.1,0.3
13-572,"Spinach, mature, raw",DG,25,2.8,0.8,0.1,1.6,1.5,2.1,0.35
17-247,"Spirits, 40% volume",QK,222,0.0,0.0,0.0,0.0,0.0,0.0,0.0
16-219,"Sprats, fried",JC,415,24.9,35.0,5.3,0.0,0.0,0.0,0.6
16-220,"Sprats, fried, weighed with bones",JC,249,14.9,21.0,3.2,0.0,0.0,0.0,0.35
16-218,"Sprats, raw",JC,172,18.3,11.0,2.2,0.0,0.0,0.0,0.5
13-350,"Spring greens, boiled in unsalted water",DG,20,1.9,0.7,0.1,1.6,1.4,2.6,0.025
13-348,"Spring greens, raw",DG,33,3.0,1.0,0.1,3.1,2.7,3.4,0.05
13-352,"Spring onions, bulbs and tops, raw",DG,23,2.0,0.5,0.1,3.0,2.8,1.5,0.018
13-351,"Spring onions, bulbs only, raw",DG,35,0.9,0.0,0.0,8.5,8.5,1.7,0.032
19-327,"Spring rolls, meat, takeaway",MR,242,6.5,16.4,3.81,18.2,1.8,2.0,1.212
13-354,"Squash, acorn, baked",DG,56,1.1,0.1,0.0,12.6,1.6,3.2,0.01
13-353,"Squash, acorn, raw",DG,40,0.8,0.1,0.0,9.0,1.0,2.3,0.008
13-644,"Squash, butternut, baked",DG,39,1.4,0.2,0.0,8.4,8.4,2.1,0.0
13-643,"Squash, butternut, boiled in unsalted water",DG,24,0.9,0.1,0.0,5.1,5.1,1.3,0.0
13-355,"Squash, butternut, raw",DG,36,1.1,0.1,0.0,8.3,4.5,1.6,0.01
13-358,"Squash, spaghetti, baked",DG,23,0.7,0.3,0.1,4.3,3.4,2.1,0.045
13-357,"Squash, spaghetti, raw",DG,26,0.6,0.6,0.1,4.6,3.6,2.3,0.042
16-267,"Squid, dried",JM,313,63.3,4.6,1.0,4.8,0.0,0.0,2.35
16-263,"Squid, raw",JM,81,15.4,1.7,0.4,1.2,0.0,0.0,0.275
14-059,Star fruit,FA,32,0.5,0.3,0.1,7.3,7.1,1.3,0.005
19-630,"Steak and kidney pudding, homemade",MI,210,10.7,10.9,5.76,18.6,0.8,0.9,0.218
19-473,"Stew, beef, homemade",MR,105,11.9,4.6,1.53,4.8,2.0,1.1,0.648
19-550,"Stew, beef, made with lean beef, homemade",MR,93,12.2,3.1,0.86,4.8,2.0,1.1,0.65
19-590,"Stew, beef, with dumplings, homemade",MR,190,10.1,10.0,4.83,16.2,1.6,0.9,0.6
19-479,"Stew, Irish, homemade",MR,119,7.3,6.2,2.89,9.4,1.9,1.5,0.288
19-585,"Stew, Irish, made with lean lamb, homemade",MR,107,7.6,4.9,2.23,8.6,1.8,1.5,0.065
19-460,"Stir-fry beef with green peppers and blackbean sauce, takeaway",MR,103,10.5,5.6,1.37,2.7,1.0,0.0,1.442
17-515,"Stock cubes, beef",WY,0,16.8,9.2,3.51,0.0,0.0,0.0,36.4
17-726,"Stock cubes, chicken",WY,0,15.4,15.4,0.0,0.0,0.0,0.6,40.75
17-774,"Stock cubes, chicken, made up with water",WY,0,0.5,0.5,0.0,0.0,0.0,0.0,1.448
17-727,"Stock cubes, vegetable",WY,0,13.5,17.3,0.0,0.0,0.0,1.8,42.0
17-680,Stock gel,WY,163,6.7,3.6,1.74,27.8,5.7,1.8,16.125
17-681,"Stock, chicken, ready made, retail",WY,12,2.3,0.2,0.1,0.2,0.1,0.3,0.562
17-767,"Stout, Guinness",QA,37,0.4,0.0,0.0,3.2,3.2,0.0,0.015
14-324,"Strawberries, raw",FA,30,0.6,0.5,0.04,6.1,6.1,3.8,0.002
11-919,"Strudel, fruit filled, retail, frozen",AS,241,2.7,13.5,5.02,29.1,10.6,5.4,0.0
17-371,"Stuffing mix, dried",AT,338,9.9,5.2,2.4,67.2,4.4,4.7,3.65
17-372,"Stuffing mix, dried, assorted flavours, made up",AT,97,2.8,1.5,0.8,19.3,1.3,1.3,1.05
11-1000,"Stuffing, sage and onion, homemade",AT,253,5.6,13.3,4.15,29.4,5.4,0.0,0.658
17-011,"Suet, shredded",OF,826,0.0,86.7,49.9,12.1,0.2,0.5,0.0
17-759,"Suet, vegetable, reduced fat",OF,718,2.5,65.7,32.8,31.1,1.4,1.3,0.025
14-076,"Sugar apple, flesh only",FA,69,1.6,0.3,0.0,16.1,14.9,0.0,0.018
17-060,"Sugar, brown",SC,380,0.1,0.0,0.0,101.3,101.3,0.0,0.078
17-061,"Sugar, Demerara",SC,394,0.5,0.0,0.0,104.5,104.5,0.0,0.012
17-062,"Sugar, icing",SC,393,0.0,0.0,0.0,104.9,103.8,0.0,0.03
17-063,"Sugar, white",SC,394,0.0,0.0,0.0,105.0,105.0,0.0,0.012
14-263,Sultanas,FA,275,2.7,0.4,0.0,69.4,69.4,2.0,0.048
14-845,Sunflower seeds,GA,576,19.8,47.5,6.58,18.6,1.7,6.0,0.008
14-846,"Sunflower seeds, toasted",GA,602,20.5,49.2,6.8,19.3,1.8,6.2,0.008
16-361,"Sushi, salmon nigiri",JR,152,8.7,2.5,0.48,25.2,3.2,1.2,0.9
16-362,"Sushi, tuna nigiri",JR,170,8.4,2.5,0.68,30.3,4.7,1.2,0.828
15-617,"Sushi, vegetable",DR,148,3.4,1.3,0.0,32.8,7.0,1.6,1.302
13-650,"Swede, flesh only, boiled in unsalted water",DG,26,0.7,0.1,0.0,5.8,5.7,3.0,0.01
13-359,"Swede, flesh only, raw",DG,24,0.7,0.3,0.0,5.0,4.9,1.9,0.038
19-324,"Sweet and sour chicken, takeaway",MR,194,7.6,10.0,1.29,19.7,10.7,0.0,0.648
19-304,"Sweet and sour pork, battered, takeaway",MR,240,7.8,13.9,2.33,22.4,11.5,1.2,0.622
19-485,"Sweet and sour pork, homemade",MR,176,12.7,8.3,1.99,11.6,7.8,0.5,0.705
15-884,Sweet potato and onion layer,DR,124,3.4,1.8,1.04,23.3,6.8,2.2,0.165
13-672,"Sweet potato, baked",DG,115,1.6,0.4,0.2,27.9,14.5,5.2,0.13
13-646,"Sweet potato, flesh only, boiled in unsalted water",DG,58,1.7,0.2,0.07,13.0,9.4,2.7,0.092
13-463,"Sweet potato, raw, flesh only",DG,87,1.2,0.3,0.1,21.3,5.7,2.4,0.1
13-671,"Sweet potato, steamed",DG,84,1.1,0.3,0.1,20.4,8.4,2.7,0.088
13-647,"Sweet potato, wedges, flesh and skin, baked in rapeseed oil",DG,139,2.9,3.9,0.43,24.7,18.8,5.2,0.172
18-422,"Sweetbread, lamb, fried in corn oil",MG,217,28.7,11.4,0.0,0.0,0.0,0.0,0.13
18-421,"Sweetbread, lamb, raw",MG,131,15.3,7.8,3.0,0.0,0.0,0.0,0.188
13-634,"Sweetcorn, baby, boiled in unsalted water",DG,31,2.2,0.6,0.13,4.6,3.8,2.4,0.0
13-635,"Sweetcorn, baby, stir-fried in rapeseed oil",DG,84,2.5,6.0,0.49,5.4,4.5,2.8,0.0
13-529,"Sweetcorn kernels, canned in water, drained",DG,78,2.6,1.7,0.27,13.9,7.5,3.1,0.002
13-609,"Sweetcorn, dried",DI,251,13.4,7.1,0.93,35.5,9.4,9.7,0.01
13-508,"Sweetcorn, kernels, boiled 'on the cob' in unsalted water",DG,67,3.6,1.9,0.25,9.5,2.5,5.1,0.0
13-606,"Sweetcorn, kernels, boiled 'on the cob' in unsalted water, weighed with core",DG,39,2.1,1.1,0.15,5.6,1.5,3.0,0.0
13-623,"Sweetcorn, kernels, 'on-the-cob', raw, weighed with core",DG,36,2.0,1.1,0.12,4.8,1.2,0.9,0.0
13-622,"Sweetcorn, kernels, raw",DG,60,3.4,1.8,0.2,8.1,2.0,1.5,0.002
17-101,"Sweets, boiled",SEC,327,0.0,0.0,0.0,87.1,86.7,0.0,0.062
17-647,"Sweets, chew sweets",SEC,377,0.9,6.0,3.57,85.1,54.5,0.0,0.075
17-828,"Sweets, sherbert",SEC,355,0.6,0.0,0.0,93.9,93.9,0.0,0.0
16-222,"Swordfish, flesh only, grilled",JC,139,22.9,5.2,1.2,0.0,0.0,0.0,0.425
16-223,"Swordfish, flesh only, grilled, weighed with bones and skin",JC,123,20.4,4.6,1.1,0.0,0.0,0.0,0.375
16-221,"Swordfish, flesh only, raw",JC,109,18.0,4.1,0.9,0.0,0.0,0.0,0.325
17-064,"Syrup, corn, dark",SC,282,0.0,0.0,0.0,76.6,28.1,0.0,0.4
17-065,"Syrup, golden",SC,298,0.3,0.0,0.0,79.0,79.0,0.0,0.675
16-335,"Szechuan prawns with vegetables, takeaway",JR,83,7.8,4.7,0.66,2.5,0.8,1.2,1.34
15-885,Tabouleh,DR,119,2.6,4.6,0.29,17.2,0.7,0.0,0.01
14-847,Tahini paste,GA,607,18.5,58.9,8.4,0.9,0.4,8.0,0.05
14-264,"Tamarillos, flesh and seeds",FA,28,2.0,0.3,0.1,4.7,4.7,0.0,0.002
14-265,Tamarind,FA,238,2.3,0.3,0.1,56.5,0.0,0.0,0.038
13-855,"Tamarind leaves, fresh",H,115,5.8,2.1,0.0,18.2,0.0,0.0,0.0
13-856,"Tamarind pulp, flesh only",H,273,3.2,0.3,0.0,64.5,64.5,0.0,0.0
13-375,"Tannia, raw",DG,107,1.3,0.4,0.0,24.5,0.2,2.3,0.01
11-027,"Tapioca, raw",AA,359,0.4,0.1,0.0,95.0,0.0,0.4,0.01
16-449,Taramasalata,JR,517,3.2,52.9,4.1,7.4,1.2,0.3,1.125
13-380,"Taro leaves, raw",DG,35,4.4,0.9,0.2,2.6,2.2,0.0,0.008
13-381,"Taro leaves, steamed",DG,19,2.4,0.5,0.1,1.4,1.2,0.0,0.005
13-377,"Taro, baked",DG,130,1.7,0.2,0.0,32.4,1.4,3.0,0.012
13-378,"Taro, boiled in unsalted water",DG,91,1.2,0.2,0.0,22.4,0.9,2.1,0.008
13-376,"Taro, raw",DG,106,1.4,0.2,0.0,26.2,1.1,2.4,0.01
13-379,"Taro, steamed",DG,99,1.3,0.2,0.0,24.5,1.0,2.2,0.01
13-858,"Tarragon, dried, ground",H,295,22.8,7.2,0.0,42.8,0.0,0.0,0.155
13-857,"Tarragon, fresh",H,49,3.4,1.1,0.0,6.3,0.0,0.0,0.022
11-1028,"Tart, bakewell, homemade",AS,454,6.9,30.4,8.8,40.8,22.7,1.5,0.53
11-1058,"Tart, custard, large, homemade",AP,275,5.8,17.4,6.63,25.2,5.9,1.7,0.372
11-1093,"Tart, mincemeat, one crust, homemade",AP,385,3.1,17.9,0.0,56.4,37.6,1.7,0.3
17-722,Tartare sauce,WCN,299,1.3,24.6,0.0,17.9,16.2,0.6,2.7
11-1123,"Tartlets, strawberry, homemade",AP,202,2.4,10.1,6.18,27.2,7.7,2.2,0.215
11-845,"Tarts, bakewell, iced, retail",AS,411,3.1,16.8,6.94,65.9,45.2,1.1,0.33
12-461,"Tarts, custard, individual",BR,263,6.7,14.3,5.87,28.7,14.2,1.1,0.285
11-1085,"Tarts, jam, homemade",AP,382,3.4,16.8,6.25,58.0,37.4,0.0,0.338
11-1086,"Tarts, jam, wholemeal, homemade",AP,366,4.2,14.0,8.54,59.6,37.4,0.0,0.335
17-165,"Tea, black, infusion, average",PAA,0,0.1,0.0,0.0,0.0,0.0,0.0,0.0
17-167,"Tea, black, infusion, strong",PAC,0,0.1,0.0,0.0,0.0,0.0,0.0,0.0
17-166,"Tea, black, infusion, weak",PAC,0,0.1,0.0,0.0,0.0,0.0,0.0,0.0
17-170,"Tea, Chinese, leaves, infusion",PAC,1,0.1,0.0,0.0,0.2,0.0,0.0,0.0
17-171,"Tea, green, infusion",PAC,0,0.1,0.0,0.0,0.0,0.0,0.0,0.002
17-172,"Tea, herbal, infusion",PAC,1,0.0,0.0,0.0,0.2,0.0,0.0,0.0
17-169,"Tea, infusion, average, with semi-skimmed milk",PAC,7,0.5,0.2,0.1,0.7,0.7,0.0,0.018
17-168,"Tea, infusion, average, with whole milk",PAC,8,0.4,0.4,0.3,0.5,0.5,0.0,0.015
13-118,Tempeh,DB,166,20.7,6.4,0.0,6.4,0.9,4.3,0.015
15-886,"Tempeh burgers, fried in vegetable oil",DR,188,8.3,7.9,0.0,22.2,1.0,1.3,0.325
13-883,"Thyme, dried, ground",H,276,9.1,7.4,2.7,45.3,1.7,37.0,0.138
13-893,"Thyme, fresh",H,95,3.0,2.5,1.2,15.1,0.6,12.3,0.045
14-848,Tigernuts,GA,403,4.3,23.8,4.0,45.7,16.1,11.7,0.002
16-154,"Tilapia, raw",JA,85,17.8,1.5,0.3,0.0,0.0,0.0,0.13
15-626,"Tinda subji, homemade",DR,95,1.6,8.1,0.83,4.1,4.1,2.8,1.02
12-476,Tiramisu,BR,244,4.2,14.0,8.61,27.1,21.1,1.0,0.168
19-635,"Toad in the hole, homemade",MR,285,12.0,17.9,6.56,20.2,3.3,2.4,0.835
19-636,"Toad in the hole, made with skimmed milk and reduced fat sausages, homemade",MR,175,13.6,5.2,1.82,19.7,3.8,2.1,0.882
17-646,"Toffees, mixed",SEC,387,2.1,15.9,8.6,62.9,39.1,0.0,0.78
15-887,"Tofu burger, baked",DR,115,7.3,4.0,0.51,13.2,2.6,0.0,0.528
15-888,Tofu spread,DR,208,4.4,20.1,1.61,2.4,2.3,0.0,0.615
13-570,"Tofu, soya bean, steamed",DB,73,8.1,4.2,0.5,0.7,0.3,0.0,0.01
13-571,"Tofu, soya bean, steamed, fried",DB,261,23.5,17.7,0.0,2.0,0.9,0.0,0.03
13-382,Tomato juice,PE,14,0.8,0.0,0.0,3.0,3.0,0.6,0.575
17-709,Tomato ketchup,WCN,115,1.6,0.1,0.0,28.6,27.5,0.9,2.0
13-531,Tomato puree,DG,67,4.4,0.2,0.04,12.9,12.9,4.7,0.122
50-1173,"Tomato sauce, homemade",WCN,89,2.2,5.5,1.8,8.6,4.0,1.4,0.85
13-530,"Tomatoes, canned, whole contents",DG,19,1.1,0.1,0.01,3.8,3.8,0.8,0.012
13-519,"Tomatoes, cherry, raw",DG,22,1.1,0.5,0.1,3.6,3.6,1.3,0.01
13-603,"Tomatoes, standard, fried in corn oil",DG,89,0.8,7.7,1.12,4.5,4.5,1.5,0.008
13-602,"Tomatoes, standard, fried in rapeseed oil",DG,89,0.8,7.7,0.53,4.5,4.5,1.5,0.008
13-518,"Tomatoes, standard, grilled, flesh and seeds only",DG,17,0.6,0.2,0.04,3.4,3.4,1.0,0.005
13-517,"Tomatoes, standard, raw",DG,14,0.5,0.1,0.03,3.0,3.0,1.0,0.005
15-321,"Tomatoes, stuffed with rice",DR,212,2.1,13.4,2.0,22.2,7.7,1.1,0.222
15-889,"Tomatoes, stuffed with vegetables",DR,95,1.7,6.0,0.47,8.9,7.4,2.6,0.012
18-423,"Tongue, lamb, raw",MG,193,15.3,14.6,0.0,0.0,0.0,0.0,1.05
18-424,"Tongue, ox, meat only, pickled, raw",MG,220,15.7,17.5,0.0,0.0,0.0,0.0,3.025
18-425,"Tongue, ox, meat only, pickled, stewed",MG,293,19.5,23.9,0.0,0.0,0.0,0.0,2.5
18-426,"Tongue, ox, meat only, stewed",MG,242,19.4,18.3,0.0,0.0,0.0,0.0,2.15
18-427,"Tongue, sheep, meat only, stewed",MG,289,18.2,24.0,0.0,0.0,0.0,0.0,0.2
17-736,Tonic water,PCA,22,0.0,0.0,0.0,5.9,5.9,0.0,0.01
17-670,Topic/Snickers and own brand equivalents,SEA,479,7.5,28.2,9.15,52.1,46.1,2.8,0.468
15-625,"Tori ki subji, homemade",DR,108,1.9,9.5,1.03,3.9,3.9,3.0,1.148
12-408,"Torte, fruit",BR,258,3.8,15.5,9.35,27.7,17.4,1.2,0.22
17-644,Tortilla chips fried in sunflower oil,SN,504,7.2,27.4,2.89,60.8,2.5,5.9,1.59
11-925,"Tortilla, wheat, soft",AF,285,7.8,5.7,2.5,53.9,2.0,3.6,1.555
14-849,Trail mix,GA,432,9.1,28.5,0.0,37.2,37.1,5.1,0.068
11-1126,"Treacle tart, homemade",AS,380,3.8,15.9,5.84,59.2,33.8,1.7,0.645
17-826,"Treacle, black",SC,257,1.2,0.0,0.0,67.2,66.8,0.0,0.45
12-409,"Trifle, fruit, retail",BR,164,2.6,9.0,5.56,19.5,15.3,2.4,0.162
12-600,"Trifle, homemade",BR,167,2.7,7.9,4.42,21.6,16.7,0.4,0.19
12-601,"Trifle, with Dream Topping",BR,152,2.8,5.9,3.37,22.1,17.1,0.4,0.195
19-637,"Tripe and onions, stewed, homemade",MR,93,8.4,1.4,0.77,9.4,4.8,1.0,0.16
18-428,"Tripe, dressed, raw",MG,33,7.1,0.5,0.2,0.0,0.0,0.0,0.125
50-502,"Tripe, dressed, stewed in milk",MG,100,14.8,4.5,2.4,0.0,0.0,0.0,0.182
16-224,"Trout, brown, raw",JC,112,19.4,3.8,0.0,0.0,0.0,0.0,0.14
50-629,"Trout, brown, steamed",JC,135,23.5,4.5,1.0,0.0,0.0,0.0,0.22
50-630,"Trout, brown, steamed, weighed with bones",JC,89,15.5,3.0,0.7,0.0,0.0,0.0,0.145
16-489,"Trout, rainbow, baked, flesh only, fillets weighed with bones and skin",JC,131,20.7,5.3,1.25,0.0,0.0,0.0,0.202
16-396,"Trout, rainbow, flesh only, baked",JC,150,23.8,6.1,1.44,0.0,0.0,0.0,0.232
16-395,"Trout, rainbow, flesh only, raw",JC,127,19.9,5.3,1.21,0.0,0.0,0.0,0.275
17-098,"Truffles, mocha, homemade",SEA,488,6.2,24.9,15.0,63.8,62.9,2.0,0.092
17-837,"Truffles, rum, homemade",SEA,529,6.0,32.9,19.02,54.2,53.4,2.1,0.128
16-416,"Tuna, canned in brine, drained",JC,109,24.9,1.0,0.3,0.0,0.0,0.0,0.732
16-417,"Tuna, canned in sunflower oil, drained",JC,159,25.4,6.4,0.78,0.0,0.0,0.0,0.92
16-400,"Tuna, flesh only, baked",JC,136,32.3,0.8,0.29,0.0,0.0,0.0,0.158
16-399,"Tuna, flesh only, raw",JC,107,25.2,0.7,0.21,0.0,0.0,0.0,0.165
16-156,"Turbot, flesh only, grilled",JA,122,22.7,3.5,0.9,0.0,0.0,0.0,0.022
16-157,"Turbot, flesh only, grilled, weighed with bones and skin",JA,76,14.1,2.1,0.5,0.0,0.0,0.0,0.015
16-155,"Turbot, flesh only, raw",JA,95,17.7,2.7,0.7,0.0,0.0,0.0,0.17
19-638,"Turkey and pasta bake, homemade",MR,130,12.0,5.6,2.49,7.2,2.0,1.0,0.355
19-543,Turkey slices,MI,114,23.0,1.9,0.6,1.2,0.4,0.0,1.475
18-356,"Turkey, breast, fillet, grilled, meat only",MCO,155,35.0,1.7,0.6,0.0,0.0,0.0,0.225
18-348,"Turkey, dark meat, raw",MCO,104,20.4,2.5,0.8,0.0,0.0,0.0,0.225
18-358,"Turkey, dark meat, roasted",MCO,177,29.4,6.6,2.0,0.0,0.0,0.0,0.275
18-365,"Turkey, drumsticks, roasted, meat and skin",MCO,186,27.4,8.5,2.6,0.0,0.0,0.0,0.262
18-366,"Turkey, drumsticks, roasted, meat and skin, weighed with bone",MCO,134,19.7,6.1,1.8,0.0,0.0,0.0,0.188
18-364,"Turkey, drumsticks, roasted, meat only",MCO,162,27.5,5.8,1.7,0.0,0.0,0.0,0.262
18-349,"Turkey, light meat, raw",MCO,105,24.4,0.8,0.3,0.0,0.0,0.0,0.125
18-359,"Turkey, light meat, roasted",MCO,153,33.7,2.0,0.7,0.0,0.0,0.0,0.125
18-350,"Turkey, meat, average, raw",MCO,105,22.6,1.6,0.5,0.0,0.0,0.0,0.17
18-361,"Turkey, meat, average, roasted",MCO,166,31.2,4.6,1.4,0.0,0.0,0.0,0.225
18-354,"Turkey, mince, stewed",MCO,176,28.6,6.8,2.0,0.0,0.0,0.0,0.112
18-360,"Turkey, self-basting, light meat, roasted",MCO,163,31.7,4.0,1.2,0.0,0.0,0.0,0.225
18-362,"Turkey, skin, dry, roasted",MCO,481,29.9,40.2,13.2,0.0,0.0,0.0,0.275
18-363,"Turkey, skin, moist, roasted",MCO,372,21.6,31.7,10.5,0.0,0.0,0.0,0.3
18-351,"Turkey, skin, raw",MCO,332,14.0,30.7,10.1,0.0,0.0,0.0,0.168
19-640,"Turkey, stir-fried with vegetables, homemade",MR,82,11.1,2.3,0.34,3.6,2.1,1.1,0.475
18-357,"Turkey, strips, stir-fried in corn oil",MCO,164,31.0,4.5,0.0,0.0,0.0,0.0,0.15
18-355,"Turkey, thighs, diced, casseroled, meat only",MCO,181,28.3,7.5,2.5,0.0,0.0,0.0,0.162
18-352,"Turkey, whole, raw",MCO,133,21.6,5.2,1.7,0.0,0.0,0.0,0.175
18-353,"Turkey, whole, raw, weighed with bone",MCO,93,15.1,3.6,1.1,0.0,0.0,0.0,0.125
18-367,"Turkey, whole, roasted, meat and skin",MCO,190,30.9,7.4,2.3,0.0,0.0,0.0,0.225
18-368,"Turkey, whole, roasted, meat and skin, weighed with bone",MCO,124,20.1,4.8,1.5,0.0,0.0,0.0,0.15
17-593,"Turkish delight, with nuts, homemade",SEC,348,4.1,2.6,0.35,82.0,81.8,0.3,0.212
17-122,"Turkish delight, without nuts",SEC,295,0.6,0.0,0.0,77.9,68.6,0.0,0.078
13-861,"Turmeric, ground",H,0,6.7,7.0,2.9,0.0,0.0,0.0,0.078
13-392,"Turnip tops, boiled in unsalted water",DG,13,2.7,0.0,0.0,0.2,0.1,0.0,0.018
13-391,"Turnip, boiled in unsalted water",DG,12,0.6,0.2,0.0,2.0,1.9,1.9,0.07
13-389,"Turnip, flesh only, raw",DG,23,0.9,0.3,0.0,4.7,4.5,2.4,0.038
17-694,Twiglets,SN,393,12.3,11.8,1.6,63.3,0.6,12.4,2.0
12-547,Tzatziki,BN,76,3.4,5.5,3.58,3.4,3.0,0.3,0.922
12-468,"Urad dahl, homemade",DR,81,4.8,3.2,0.44,8.7,0.8,2.7,0.835
18-487,"Veal, escalope, fried in corn oil",MAI,196,33.7,6.8,1.76,0.0,0.0,0.0,0.215
18-486,"Veal, escalope, raw",MAI,106,22.7,1.7,0.6,0.0,0.0,0.0,0.148
18-094,"Veal, mince, raw",MAI,144,20.3,7.0,2.9,0.0,0.0,0.0,0.208
18-095,"Veal, mince, stewed",MAI,205,26.3,11.1,4.7,0.0,0.0,0.0,0.185
15-656,"Vegeburger, retail, grilled",DR,161,16.6,7.2,0.0,8.0,3.6,4.5,1.225
15-657,"Vegetable and cheese grill/burger, in crumbs, baked/grilled",DR,240,7.0,14.0,4.64,23.0,1.3,1.6,0.725
15-650,"Vegetable bake, homemade",DR,121,4.3,5.9,2.65,13.7,4.6,1.2,0.268
15-344,"Vegetable stir fry mix, fried in corn oil",DR,64,2.0,3.6,0.5,6.4,3.9,0.0,0.028
15-661,"Vegetable stir fry mix, fried in rapeseed oil",DR,64,2.0,3.6,0.24,6.4,3.9,0.0,0.028
15-345,"Vegetable stir fry mix, fried in sunflower oil",DR,64,2.0,3.6,0.4,6.4,3.9,0.0,0.028
15-621,"Vegetables, mixed, cooked with onion, spice and tomatoes, homemade",DR,82,2.4,5.3,0.73,6.6,3.4,3.3,0.935
13-543,"Vegetables, mixed, frozen, boiled in unsalted water",DG,42,3.3,0.5,0.0,6.6,3.6,0.0,0.038
13-604,"Vegetables, mixed, stir-fry type, frozen, fried in rapeseed oil",DG,64,2.0,3.6,0.0,6.4,3.9,0.0,0.035
15-364,"Vegetables, stir-fried, takeaway",DR,52,1.8,4.1,0.77,2.1,0.2,2.1,0.998
19-610,"Venison in red wine and port, homemade",MR,88,9.7,2.5,1.46,3.4,1.6,0.6,0.465
18-390,"Venison, meat only, raw",MEE,103,22.2,1.6,0.8,0.0,0.0,0.0,0.138
18-491,"Venison, roast",MEE,165,35.6,2.5,0.0,0.0,0.0,0.0,0.13
17-239,"Vermouth, dry",QG,109,0.1,0.0,0.0,3.0,3.0,0.0,0.028
15-823,"Vine leaves, stuffed with rice",DR,263,2.6,17.8,2.55,23.8,10.5,0.0,1.378
17-339,Vinegar,WY,22,0.4,0.0,0.0,0.6,0.6,0.0,0.012
11-800,"Wafers, plain ice cream wafers, not filled",AM,368,10.5,3.0,0.59,79.7,3.5,3.4,0.48
11-1130,"Waffles, homemade",AP,335,9.0,15.3,8.96,43.0,3.4,1.9,0.765
14-879,"Walnuts, kernel only",GA,688,14.7,68.5,7.47,3.3,2.6,3.5,0.018
14-887,"Walnuts, kernel only, weighed with shells",GA,295,6.3,29.4,3.21,1.4,1.1,1.5,0.008
13-394,"Water chestnuts, raw",DG,46,1.4,0.2,0.0,10.4,4.8,0.0,0.03
17-377,"Water, distilled",WY,0,0.0,0.0,0.0,0.0,0.0,0.0,0.0
13-669,"Watercress, raw",DG,10,1.9,0.3,0.09,0.0,0.0,1.5,0.005
13-669,"Watercress, raw",DG,10,1.9,0.3,0.09,0.0,0.0,1.5,0.092
11-1131,"Welsh cakes, homemade",AN,432,5.5,17.8,10.8,61.9,31.5,1.7,0.595
11-1132,"Welsh cheesecakes, homemade",AP,420,5.3,23.8,8.39,49.2,22.5,1.9,0.782
12-602,"Welsh rarebit, homemade",BV,398,13.9,28.4,17.38,23.1,2.4,1.2,1.48
12-603,"Welsh rarebit, wholemeal, homemade",BV,387,14.4,27.4,16.59,22.1,2.1,3.5,1.452
11-904,"Wheat, bulgur, raw",AA,352,10.6,2.0,0.28,77.8,1.1,6.7,0.012
11-907,Wheatgerm,AA,352,27.3,8.4,1.13,44.7,16.0,13.9,0.008
16-268,"Whelks, boiled",JM,89,19.5,1.2,0.2,0.0,0.0,0.0,0.7
16-269,"Whelks, boiled, weighed with shells",JM,30,6.6,0.4,0.1,0.0,0.0,0.0,0.238
16-158,"White fish, dried, salted",JA,148,34.5,1.1,0.0,0.0,0.0,0.0,18.825
17-667,"White sauce, savoury, made with semi-skimmed milk, homemade",WCD,131,4.4,8.0,5.04,11.1,5.1,0.3,0.25
17-778,"White sauce, savoury, made with skimmed milk, homemade",WCD,118,4.5,6.5,4.03,11.1,5.2,0.3,0.255
17-779,"White sauce, savoury, made with whole milk, homemade",WCD,158,4.4,10.8,6.8,11.6,4.9,0.3,0.262
17-841,"White sauce, sweet, made with semi-skimmed milk, homemade",WCD,146,4.0,6.7,2.74,18.6,13.2,0.3,0.232
17-842,"White sauce, sweet, made with skimmed milk, homemade",WCD,134,4.1,5.3,1.81,18.7,13.3,0.3,0.238
17-843,"White sauce, sweet, made with whole milk, homemade",WCD,163,4.0,8.6,3.94,18.6,13.1,0.3,0.232
16-231,"Whitebait, in flour, fried",JC,525,19.5,47.5,0.0,5.3,0.1,0.2,0.575
14-268,"Whitecurrants, raw",FA,26,1.3,0.0,0.0,5.6,5.6,3.4,0.005
14-269,"Whitecurrants, stewed with sugar",FA,57,1.0,0.0,0.0,14.2,14.2,2.7,0.002
14-270,"Whitecurrants, stewed without sugar",FA,22,1.1,0.0,0.0,4.8,4.8,2.9,0.002
16-159,"Whiting, flesh only, raw",JA,81,18.7,0.7,0.1,0.0,0.0,0.0,0.225
16-160,"Whiting, flesh only, steamed",JA,92,20.9,0.9,0.1,0.0,0.0,0.0,0.275
16-161,"Whiting, flesh only, steamed, weighed with bones and skin",JA,85,19.4,0.8,0.1,0.0,0.0,0.0,0.25
16-162,"Whiting, in crumbs, fried in blended oil",JA,191,18.1,10.3,1.1,7.0,0.2,0.2,0.5
16-163,"Whiting, in crumbs, fried in blended oil, weighed with bones and skin",JA,172,16.3,9.3,1.0,6.3,0.2,0.2,0.45
16-164,"Whiting, in crumbs, fried in dripping",JA,191,18.1,10.3,5.7,7.0,0.2,0.2,0.5
16-165,"Whiting, in crumbs, fried in dripping, weighed with bones and skin",JA,172,16.3,9.3,5.2,6.3,0.2,0.2,0.45
16-166,"Whiting, in crumbs, fried in sunflower oil",JA,191,18.1,10.3,1.2,7.0,0.2,0.2,0.5
16-167,"Whiting, in crumbs, fried in sunflower oil, weighed with bones and skin",JA,172,16.3,9.3,1.1,6.3,0.2,0.2,0.45
19-641,"Wiener schnitzel, homemade",MR,213,21.2,8.5,1.15,13.4,0.7,0.2,0.292
17-812,"Wine, mulled wine, homemade",QE,155,0.3,0.2,0.06,20.2,20.2,0.4,0.01
17-752,"Wine, red",QE,76,0.1,0.0,0.0,0.2,0.2,0.0,0.018
17-754,"Wine, rose, medium",QE,79,0.1,0.0,0.0,2.5,2.5,0.0,0.01
17-755,"Wine, white, dry",QE,75,0.1,0.0,0.0,0.6,0.6,0.0,0.01
17-756,"Wine, white, medium",QE,75,0.1,0.0,0.0,3.0,3.0,0.0,0.028
17-757,"Wine, white, sparkling",QE,84,0.3,0.0,0.0,5.1,5.1,0.0,0.012
17-233,"Wine, white, sweet",QE,94,0.2,0.0,0.0,5.9,5.9,0.0,0.032
16-270,"Winkles, boiled",JM,72,15.4,1.2,0.2,0.0,0.0,0.0,1.875
16-271,"Winkles, boiled, weighed with shells",JM,14,2.9,0.2,0.0,0.0,0.0,0.0,0.35
17-723,Worcestershire sauce,WCN,113,1.4,0.1,0.0,28.3,21.5,0.0,3.75
13-398,"Yam, baked",DG,153,2.1,0.4,0.1,37.5,0.9,1.7,0.008
13-655,"Yam, flesh only, boiled in unsalted water",DG,118,1.6,0.2,0.07,29.3,1.9,2.3,0.0
13-397,"Yam, flesh only, raw",DG,114,1.5,0.3,0.1,28.2,0.7,1.3,0.005
13-401,"Yam, steamed",DG,114,1.5,0.3,0.1,28.2,0.7,1.3,0.002
17-517,Yeast extract,WY,180,40.7,0.4,0.0,3.5,1.6,0.0,10.75
17-378,"Yeast, bakers, compressed",WY,53,11.4,0.4,0.0,1.1,0.0,0.0,0.04
17-379,"Yeast, dried",WY,169,35.6,1.5,0.0,3.5,0.0,0.0,0.125
12-377,"Yogurt, Greek style, fruit",BN,137,4.8,8.4,5.57,11.2,10.5,0.0,0.16
12-555,"Yogurt, Greek style, plain",BN,133,5.7,10.2,6.75,4.8,4.5,0.0,0.165
12-380,"Yogurt, low fat, fruit",BN,78,4.2,1.1,0.8,13.7,12.7,0.3,0.155
12-904,"Yogurt, low fat, hazelnut",BNH,91,4.4,1.5,0.58,16.0,14.9,0.9,0.145
12-379,"Yogurt, low fat, plain",BN,57,4.8,1.0,0.66,7.8,7.5,0.0,0.158
12-905,"Yogurt, low fat, toffee",BNH,91,3.8,0.9,0.62,18.0,16.8,0.0,0.168
12-609,"Yogurt, soya, non-dairy alternative to yogurt, fruit, fortified",BN,72,3.3,2.0,0.32,11.0,10.7,1.0,0.06
12-532,"Yogurt, virtually fat free/diet, fruit",BN,59,4.8,0.2,0.1,10.1,9.4,0.4,0.155
12-533,"Yogurt, virtually fat free/diet, plain",BN,54,5.4,0.2,0.1,8.2,7.9,0.0,0.178
12-375,"Yogurt, whole milk, fruit",BN,109,4.0,3.0,2.01,17.7,16.6,0.0,0.145
12-530,"Yogurt, whole milk, infant, fruit flavour",BN,90,3.8,3.7,2.45,11.1,10.4,0.2,0.115
12-184,"Yogurt, whole milk, plain",BNE,79,5.7,3.0,1.91,7.8,7.8,0.0,0.2
12-515,"Yogurt, whole milk, twin pot, not fruit",BN,148,4.2,5.6,3.2,21.5,18.2,0.3,0.25
12-531,"Yogurt, whole milk, twin pot, thick and creamy with fruit",BN,106,4.1,3.2,0.0,16.2,15.6,1.0,0.132
11-960,"Yorkshire pudding, made with semi-skimmed milk, homemade",AT,197,6.7,8.3,1.89,25.6,3.5,1.1,0.13
11-1135,"Yorkshire pudding, made with skimmed milk, homemade",AT,190,6.8,7.4,1.23,25.9,3.6,1.1,0.135
11-1146,"Yorkshire pudding, made with whole milk",AT,211,6.7,9.8,2.78,25.8,3.4,1.1,0.13
